<?xml version="1.0"?>
<!--<!DOCTYPE metadata SYSTEM "http://www.esri.com/metadata/esriprof80.dtd">-->
<metadata xml:lang="en"><Esri><CreaDate>20121128</CreaDate><CreaTime>16054000</CreaTime><SyncOnce>FALSE</SyncOnce><SyncDate>20100608</SyncDate><SyncTime>11125800</SyncTime><ModDate>20100608</ModDate><ModTime>11125800</ModTime><DataProperties><lineage><Process ToolSource="D:\ArcGIS\ArcToolbox\Toolboxes\Conversion Tools.tbx\FeatureClassToFeatureClass" Date="20090123" Time="102606">FeatureClassToFeatureClass E:\Hydra\GEODATA\CA_state\teale83\streams.shp E:\Hydra\GEODATA\CA_state\teale83\allbasins.mdb streams # "FNODE_ 'FNODE_' true true false 11 Double 0 11 ,First,#,E:\Hydra\GEODATA\CA_state\teale83\streams.shp,FNODE_,-1,-1;TNODE_ 'TNODE_' true true false 11 Double 0 11 ,First,#,E:\Hydra\GEODATA\CA_state\teale83\streams.shp,TNODE_,-1,-1;LPOLY_ 'LPOLY_' true true false 11 Double 0 11 ,First,#,E:\Hydra\GEODATA\CA_state\teale83\streams.shp,LPOLY_,-1,-1;RPOLY_ 'RPOLY_' true true false 11 Double 0 11 ,First,#,E:\Hydra\GEODATA\CA_state\teale83\streams.shp,RPOLY_,-1,-1;LENGTH 'LENGTH' true true false 19 Double 5 18 ,First,#,E:\Hydra\GEODATA\CA_state\teale83\streams.shp,LENGTH,-1,-1;HYDRARCA_ 'HYDRARCA_' true true false 11 Double 0 11 ,First,#,E:\Hydra\GEODATA\CA_state\teale83\streams.shp,HYDRARCA_,-1,-1;HYDRARCA_I 'HYDRARCA_I' true true false 11 Double 0 11 ,First,#,E:\Hydra\GEODATA\CA_state\teale83\streams.shp,HYDRARCA_I,-1,-1;MAJOR1 'MAJOR1' true true false 11 Double 0 11 ,First,#,E:\Hydra\GEODATA\CA_state\teale83\streams.shp,MAJOR1,-1,-1;MINOR1 'MINOR1' true true false 11 Double 0 11 ,First,#,E:\Hydra\GEODATA\CA_state\teale83\streams.shp,MINOR1,-1,-1;MAJOR2 'MAJOR2' true true false 11 Double 0 11 ,First,#,E:\Hydra\GEODATA\CA_state\teale83\streams.shp,MAJOR2,-1,-1;MINOR2 'MINOR2' true true false 11 Double 0 11 ,First,#,E:\Hydra\GEODATA\CA_state\teale83\streams.shp,MINOR2,-1,-1;MAJOR3 'MAJOR3' true true false 11 Double 0 11 ,First,#,E:\Hydra\GEODATA\CA_state\teale83\streams.shp,MAJOR3,-1,-1;MINOR3 'MINOR3' true true false 11 Double 0 11 ,First,#,E:\Hydra\GEODATA\CA_state\teale83\streams.shp,MINOR3,-1,-1;MAJOR4 'MAJOR4' true true false 11 Double 0 11 ,First,#,E:\Hydra\GEODATA\CA_state\teale83\streams.shp,MAJOR4,-1,-1;MINOR4 'MINOR4' true true false 11 Double 0 11 ,First,#,E:\Hydra\GEODATA\CA_state\teale83\streams.shp,MINOR4,-1,-1;MAJOR5 'MAJOR5' true true false 11 Double 0 11 ,First,#,E:\Hydra\GEODATA\CA_state\teale83\streams.shp,MAJOR5,-1,-1;MINOR5 'MINOR5' true true false 11 Double 0 11 ,First,#,E:\Hydra\GEODATA\CA_state\teale83\streams.shp,MINOR5,-1,-1;FLOW 'FLOW' true true false 1 Short 0 1 ,First,#,E:\Hydra\GEODATA\CA_state\teale83\streams.shp,FLOW,-1,-1;TDCKEY 'TDCKEY' true true false 8 Long 0 8 ,First,#,E:\Hydra\GEODATA\CA_state\teale83\streams.shp,TDCKEY,-1,-1;DCU 'DCU' true true false 8 Long 0 8 ,First,#,E:\Hydra\GEODATA\CA_state\teale83\streams.shp,DCU,-1,-1;PNAME 'PNAME' true true false 30 Text 0 0 ,First,#,E:\Hydra\GEODATA\CA_state\teale83\streams.shp,PNAME,-1,-1;PNMCD 'PNMCD' true true false 11 Text 0 0 ,First,#,E:\Hydra\GEODATA\CA_state\teale83\streams.shp,PNMCD,-1,-1;STATECODE 'STATECODE' true true false 1 Text 0 0 ,First,#,E:\Hydra\GEODATA\CA_state\teale83\streams.shp,STATECODE,-1,-1;HSCKEY 'HSCKEY' true true false 6 Long 0 6 ,First,#,E:\Hydra\GEODATA\CA_state\teale83\streams.shp,HSCKEY,-1,-1;HYSNUM 'HYSNUM' true true false 2 Short 0 2 ,First,#,E:\Hydra\GEODATA\CA_state\teale83\streams.shp,HYSNUM,-1,-1;Element 'Element' true true false 50 Text 0 0 ,First,#,E:\Hydra\GEODATA\CA_state\teale83\streams.shp,Element,-1,-1" # E:\Hydra\GEODATA\CA_state\teale83\allbasins.mdb\streams</Process><Process ToolSource="D:\ArcGIS\ArcToolbox\Toolboxes\Data Management Tools.tbx\Merge" Date="20090218" Time="163129">Merge MERtoAMR;KRNtoSJN "E:\Home\drheinheimer\Public\GIS layers\mainstem_streams.shp" "OBJECTID 'OBJECTID' true true false 9 Long 0 9 ,First,#,MERtoAMR,OBJECTID,-1,-1,KRNtoSJN,OBJECTID,-1,-1;FNODE_ 'FNODE_' true true false 19 Double 0 0 ,First,#,MERtoAMR,FNODE_,-1,-1,KRNtoSJN,FNODE_,-1,-1;TNODE_ 'TNODE_' true true false 19 Double 0 0 ,First,#,MERtoAMR,TNODE_,-1,-1,KRNtoSJN,TNODE_,-1,-1;LPOLY_ 'LPOLY_' true true false 19 Double 0 0 ,First,#,MERtoAMR,LPOLY_,-1,-1,KRNtoSJN,LPOLY_,-1,-1;RPOLY_ 'RPOLY_' true true false 19 Double 0 0 ,First,#,MERtoAMR,RPOLY_,-1,-1,KRNtoSJN,RPOLY_,-1,-1;LENGTH 'LENGTH' true true false 19 Double 0 0 ,First,#,MERtoAMR,LENGTH,-1,-1,KRNtoSJN,LENGTH,-1,-1;HYDRARCA_ 'HYDRARCA_' true true false 19 Double 0 0 ,First,#,MERtoAMR,HYDRARCA_,-1,-1,KRNtoSJN,HYDRARCA_,-1,-1;HYDRARCA_I 'HYDRARCA_I' true true false 19 Double 0 0 ,First,#,MERtoAMR,HYDRARCA_I,-1,-1,KRNtoSJN,HYDRARCA_I,-1,-1;MAJOR1 'MAJOR1' true true false 19 Double 0 0 ,First,#,MERtoAMR,MAJOR1,-1,-1,KRNtoSJN,MAJOR1,-1,-1;MINOR1 'MINOR1' true true false 19 Double 0 0 ,First,#,MERtoAMR,MINOR1,-1,-1,KRNtoSJN,MINOR1,-1,-1;MAJOR2 'MAJOR2' true true false 19 Double 0 0 ,First,#,MERtoAMR,MAJOR2,-1,-1,KRNtoSJN,MAJOR2,-1,-1;MINOR2 'MINOR2' true true false 19 Double 0 0 ,First,#,MERtoAMR,MINOR2,-1,-1,KRNtoSJN,MINOR2,-1,-1;MAJOR3 'MAJOR3' true true false 19 Double 0 0 ,First,#,MERtoAMR,MAJOR3,-1,-1,KRNtoSJN,MAJOR3,-1,-1;MINOR3 'MINOR3' true true false 19 Double 0 0 ,First,#,MERtoAMR,MINOR3,-1,-1,KRNtoSJN,MINOR3,-1,-1;MAJOR4 'MAJOR4' true true false 19 Double 0 0 ,First,#,MERtoAMR,MAJOR4,-1,-1,KRNtoSJN,MAJOR4,-1,-1;MINOR4 'MINOR4' true true false 19 Double 0 0 ,First,#,MERtoAMR,MINOR4,-1,-1,KRNtoSJN,MINOR4,-1,-1;MAJOR5 'MAJOR5' true true false 19 Double 0 0 ,First,#,MERtoAMR,MAJOR5,-1,-1,KRNtoSJN,MAJOR5,-1,-1;MINOR5 'MINOR5' true true false 19 Double 0 0 ,First,#,MERtoAMR,MINOR5,-1,-1,KRNtoSJN,MINOR5,-1,-1;FLOW 'FLOW' true true false 4 Short 0 4 ,First,#,MERtoAMR,FLOW,-1,-1,KRNtoSJN,FLOW,-1,-1;TDCKEY 'TDCKEY' true true false 9 Long 0 9 ,First,#,MERtoAMR,TDCKEY,-1,-1,KRNtoSJN,TDCKEY,-1,-1;DCU 'DCU' true true false 9 Long 0 9 ,First,#,MERtoAMR,DCU,-1,-1,KRNtoSJN,DCU,-1,-1;PNAME 'PNAME' true true false 30 Text 0 0 ,First,#,MERtoAMR,PNAME,-1,-1,KRNtoSJN,PNAME,-1,-1;PNMCD 'PNMCD' true true false 11 Text 0 0 ,First,#,MERtoAMR,PNMCD,-1,-1,KRNtoSJN,PNMCD,-1,-1;STATECODE 'STATECODE' true true false 1 Text 0 0 ,First,#,MERtoAMR,STATECODE,-1,-1,KRNtoSJN,STATECODE,-1,-1;HSCKEY 'HSCKEY' true true false 9 Long 0 9 ,First,#,MERtoAMR,HSCKEY,-1,-1,KRNtoSJN,HSCKEY,-1,-1;HYSNUM 'HYSNUM' true true false 4 Short 0 4 ,First,#,MERtoAMR,HYSNUM,-1,-1,KRNtoSJN,HYSNUM,-1,-1;Element 'Element' true true false 50 Text 0 0 ,First,#,MERtoAMR,Element,-1,-1,KRNtoSJN,Element,-1,-1;Shape_Leng 'Shape_Leng' true true false 19 Double 0 0 ,First,#,MERtoAMR,Shape_Leng,-1,-1,KRNtoSJN,Shape_Leng,-1,-1"</Process><Process ToolSource="D:\Program Files\ArcGIS\ArcToolbox\Toolboxes\Data Management Tools.tbx\Merge" Date="20100608" Time="111302">Merge mainstem_streams;valley_rivers "E:\CAWater\GEODATA\Carto Files\CentralValleyTribsAndRivs.shp" "OBJECTID 'OBJECTID' true true false 9 Long 0 9 ,First,#,mainstem_streams,OBJECTID,-1,-1;FNODE_ 'FNODE_' true true false 19 Double 0 0 ,First,#,mainstem_streams,FNODE_,-1,-1,valley_rivers,FNODE_,-1,-1;TNODE_ 'TNODE_' true true false 19 Double 0 0 ,First,#,mainstem_streams,TNODE_,-1,-1,valley_rivers,TNODE_,-1,-1;LPOLY_ 'LPOLY_' true true false 19 Double 0 0 ,First,#,mainstem_streams,LPOLY_,-1,-1,valley_rivers,LPOLY_,-1,-1;RPOLY_ 'RPOLY_' true true false 19 Double 0 0 ,First,#,mainstem_streams,RPOLY_,-1,-1,valley_rivers,RPOLY_,-1,-1;LENGTH 'LENGTH' true true false 19 Double 0 0 ,First,#,mainstem_streams,LENGTH,-1,-1,valley_rivers,LENGTH,-1,-1;HYDRARCA_ 'HYDRARCA_' true true false 19 Double 0 0 ,First,#,mainstem_streams,HYDRARCA_,-1,-1,valley_rivers,HYDRARCA_,-1,-1;HYDRARCA_I 'HYDRARCA_I' true true false 19 Double 0 0 ,First,#,mainstem_streams,HYDRARCA_I,-1,-1,valley_rivers,HYDRARCA_I,-1,-1;MAJOR1 'MAJOR1' true true false 19 Double 0 0 ,First,#,mainstem_streams,MAJOR1,-1,-1,valley_rivers,MAJOR1,-1,-1;MINOR1 'MINOR1' true true false 19 Double 0 0 ,First,#,mainstem_streams,MINOR1,-1,-1,valley_rivers,MINOR1,-1,-1;MAJOR2 'MAJOR2' true true false 19 Double 0 0 ,First,#,mainstem_streams,MAJOR2,-1,-1,valley_rivers,MAJOR2,-1,-1;MINOR2 'MINOR2' true true false 19 Double 0 0 ,First,#,mainstem_streams,MINOR2,-1,-1,valley_rivers,MINOR2,-1,-1;MAJOR3 'MAJOR3' true true false 19 Double 0 0 ,First,#,mainstem_streams,MAJOR3,-1,-1,valley_rivers,MAJOR3,-1,-1;MINOR3 'MINOR3' true true false 19 Double 0 0 ,First,#,mainstem_streams,MINOR3,-1,-1,valley_rivers,MINOR3,-1,-1;MAJOR4 'MAJOR4' true true false 19 Double 0 0 ,First,#,mainstem_streams,MAJOR4,-1,-1,valley_rivers,MAJOR4,-1,-1;MINOR4 'MINOR4' true true false 19 Double 0 0 ,First,#,mainstem_streams,MINOR4,-1,-1,valley_rivers,MINOR4,-1,-1;MAJOR5 'MAJOR5' true true false 19 Double 0 0 ,First,#,mainstem_streams,MAJOR5,-1,-1,valley_rivers,MAJOR5,-1,-1;MINOR5 'MINOR5' true true false 19 Double 0 0 ,First,#,mainstem_streams,MINOR5,-1,-1,valley_rivers,MINOR5,-1,-1;FLOW 'FLOW' true true false 4 Short 0 4 ,First,#,mainstem_streams,FLOW,-1,-1,valley_rivers,FLOW,-1,-1;TDCKEY 'TDCKEY' true true false 9 Long 0 9 ,First,#,mainstem_streams,TDCKEY,-1,-1,valley_rivers,TDCKEY,-1,-1;DCU 'DCU' true true false 9 Long 0 9 ,First,#,mainstem_streams,DCU,-1,-1,valley_rivers,DCU,-1,-1;PNAME 'PNAME' true true false 30 Text 0 0 ,First,#,mainstem_streams,PNAME,-1,-1,valley_rivers,PNAME,-1,-1;PNMCD 'PNMCD' true true false 11 Text 0 0 ,First,#,mainstem_streams,PNMCD,-1,-1,valley_rivers,PNMCD,-1,-1;STATECODE 'STATECODE' true true false 1 Text 0 0 ,First,#,mainstem_streams,STATECODE,-1,-1,valley_rivers,STATECODE,-1,-1;HSCKEY 'HSCKEY' true true false 9 Long 0 9 ,First,#,mainstem_streams,HSCKEY,-1,-1,valley_rivers,HSCKEY,-1,-1;HYSNUM 'HYSNUM' true true false 4 Short 0 4 ,First,#,mainstem_streams,HYSNUM,-1,-1,valley_rivers,HYSNUM,-1,-1;Element 'Element' true true false 50 Text 0 0 ,First,#,mainstem_streams,Element,-1,-1,valley_rivers,Element,-1,-1;Shape_Leng 'Shape_Leng' true true false 19 Double 0 0 ,First,#,mainstem_streams,Shape_Leng,-1,-1"</Process></lineage><itemProps><itemLocation><linkage Sync="TRUE">file://\\TS-02\SNMeadows\Amphibs\GIS_data\CentralValleyTribsAndRivsCopy</linkage><protocol Sync="TRUE">Local Area Network</protocol></itemLocation></itemProps><copyHistory><copy source="E:\Home\rapeek\Private\GIS\Base\CentralValleyTribsAndRivsCopy" dest="\\TS-02\SNMeadows\Amphibs\GIS_data\CentralValleyTribsAndRivsCopy" date="20121128" time="16054000"></copy></copyHistory></DataProperties><ArcGISstyle>ISO 19139 Metadata Implementation Specification</ArcGISstyle></Esri><idinfo><native Sync="TRUE">Microsoft Windows 2000 Version 5.2 (Build 3790) Service Pack 2; ESRI ArcCatalog 9.3.1.1850</native><descript><langdata Sync="TRUE">en</langdata><abstract>REQUIRED: A brief narrative summary of the data set.</abstract><purpose>REQUIRED: A summary of the intentions with which the data set was developed.</purpose></descript><citation><citeinfo><origin>REQUIRED: The name of an organization or individual that developed the data set.</origin><pubdate>REQUIRED: The date when the data set is published or otherwise made available for release.</pubdate><title Sync="TRUE">CentralValleyTribsAndRivs</title><ftname Sync="TRUE">CentralValleyTribsAndRivs</ftname><geoform Sync="TRUE">vector digital data</geoform><onlink Sync="TRUE"></onlink></citeinfo></citation><timeperd><current>REQUIRED: The basis on which the time period of content information is determined.</current><timeinfo><sngdate><caldate>REQUIRED: The year (and optionally month, or month and day) for which the data set corresponds to the ground.</caldate></sngdate></timeinfo></timeperd><status><progress>REQUIRED: The state of the data set.</progress><update>REQUIRED: The frequency with which changes and additions are made to the data set after the initial data set is completed.</update></status><spdom><bounding><westbc Sync="TRUE">-122.570724</westbc><eastbc Sync="TRUE">-117.821389</eastbc><northbc Sync="TRUE">41.815179</northbc><southbc Sync="TRUE">35.402698</southbc></bounding><lboundng><leftbc Sync="TRUE">-214009.689600</leftbc><rightbc Sync="TRUE">181354.187900</rightbc><bottombc Sync="TRUE">-287806.864200</bottombc><topbc Sync="TRUE">421937.637800</topbc></lboundng></spdom><keywords><theme><themekt>REQUIRED: Reference to a formally registered thesaurus or a similar authoritative source of theme keywords.</themekt><themekey>REQUIRED: Common-use word or phrase used to describe the subject of the data set.</themekey></theme></keywords><accconst>REQUIRED: Restrictions and legal prerequisites for accessing the data set.</accconst><useconst>REQUIRED: Restrictions and legal prerequisites for using the data set after access is granted.</useconst><natvform Sync="TRUE">Shapefile</natvform></idinfo><dataIdInfo><envirDesc Sync="TRUE">Microsoft Windows 2000 Version 5.2 (Build 3790) Service Pack 2; ESRI ArcCatalog 9.3.1.1850</envirDesc><dataLang><languageCode Sync="TRUE" value="en"></languageCode></dataLang><idCitation><resTitle Sync="TRUE">CentralValleyTribsAndRivs</resTitle><presForm><PresFormCd Sync="TRUE" value="005"></PresFormCd></presForm></idCitation><spatRpType><SpatRepTypCd Sync="TRUE" value="001"></SpatRepTypCd></spatRpType><dataExt><geoEle><GeoBndBox esriExtentType="native"><westBL Sync="TRUE">-214009.6896</westBL><eastBL Sync="TRUE">181354.1879</eastBL><northBL Sync="TRUE">421937.6378</northBL><southBL Sync="TRUE">-287806.8642</southBL><exTypeCode Sync="TRUE">1</exTypeCode></GeoBndBox></geoEle></dataExt><geoBox esriExtentType="decdegrees"><westBL Sync="TRUE">-122.570724</westBL><eastBL Sync="TRUE">-117.821389</eastBL><northBL Sync="TRUE">41.815179</northBL><southBL Sync="TRUE">35.402698</southBL><exTypeCode Sync="TRUE">1</exTypeCode></geoBox></dataIdInfo><metainfo><langmeta Sync="TRUE">en</langmeta><metstdn Sync="TRUE">FGDC Content Standards for Digital Geospatial Metadata</metstdn><metstdv Sync="TRUE">FGDC-STD-001-1998</metstdv><mettc Sync="TRUE">local time</mettc><metc><cntinfo><cntorgp><cntper>REQUIRED: The person responsible for the metadata information.</cntper><cntorg>REQUIRED: The organization responsible for the metadata information.</cntorg></cntorgp><cntaddr><addrtype>REQUIRED: The mailing and/or physical address for the organization or individual.</addrtype><city>REQUIRED: The city of the address.</city><state>REQUIRED: The state or province of the address.</state><postal>REQUIRED: The ZIP or other postal code of the address.</postal></cntaddr><cntvoice>REQUIRED: The telephone number by which individuals can speak to the organization or individual.</cntvoice></cntinfo></metc><metd Sync="TRUE">20100608</metd><metextns><onlink Sync="TRUE">http://www.esri.com/metadata/esriprof80.html</onlink><metprof Sync="TRUE">ESRI Metadata Profile</metprof></metextns></metainfo><mdLang><languageCode Sync="TRUE" value="en"></languageCode></mdLang><mdStanName Sync="TRUE">ISO 19115 Geographic Information - Metadata</mdStanName><mdStanVer Sync="TRUE">DIS_ESRI1.0</mdStanVer><mdChar><CharSetCd Sync="TRUE" value="004"></CharSetCd></mdChar><mdHrLv><ScopeCd Sync="TRUE" value="005"></ScopeCd></mdHrLv><mdHrLvName Sync="TRUE">dataset</mdHrLvName><distinfo><resdesc Sync="TRUE">Downloadable Data</resdesc><stdorder><digform><digtinfo><transize Sync="TRUE">0.000</transize><dssize Sync="TRUE">0.000</dssize></digtinfo></digform></stdorder></distinfo><distInfo><distributor><distorTran><onLineSrc><orDesc Sync="TRUE">002</orDesc><linkage Sync="TRUE">file://</linkage><protocol Sync="TRUE">Local Area Network</protocol></onLineSrc><transSize Sync="TRUE">0.000</transSize></distorTran><distorFormat><formatName Sync="TRUE">Shapefile</formatName></distorFormat></distributor></distInfo><spdoinfo><direct Sync="TRUE">Vector</direct><ptvctinf><esriterm Name="CentralValleyTribsAndRivs"><efeatyp Sync="TRUE">Simple</efeatyp><efeageom Sync="TRUE">Polyline</efeageom><esritopo Sync="TRUE">FALSE</esritopo><efeacnt Sync="TRUE">0</efeacnt><spindex Sync="TRUE">FALSE</spindex><linrefer Sync="TRUE">FALSE</linrefer></esriterm><sdtsterm Name="CentralValleyTribsAndRivs"><sdtstype Sync="TRUE">String</sdtstype><ptvctcnt Sync="TRUE">0</ptvctcnt></sdtsterm></ptvctinf></spdoinfo><spref><horizsys><cordsysn><geogcsn Sync="TRUE">GCS_North_American_1983</geogcsn><projcsn Sync="TRUE">NAD_1983_Albers</projcsn></cordsysn><planar><planci><plance Sync="TRUE">coordinate pair</plance><plandu Sync="TRUE">meters</plandu><coordrep><absres Sync="TRUE">0.000000</absres><ordres Sync="TRUE">0.000000</ordres></coordrep></planci><mapproj><mapprojn Sync="TRUE">Albers Conical Equal Area</mapprojn><albers><stdparll Sync="TRUE">34.000000</stdparll><stdparll Sync="TRUE">40.500000</stdparll><longcm Sync="TRUE">-120.000000</longcm><latprjo Sync="TRUE">0.000000</latprjo><feast Sync="TRUE">0.000000</feast><fnorth Sync="TRUE">-4000000.000000</fnorth></albers></mapproj></planar><geodetic><horizdn Sync="TRUE">North American Datum of 1983</horizdn><ellips Sync="TRUE">Geodetic Reference System 80</ellips><semiaxis Sync="TRUE">6378137.000000</semiaxis><denflat Sync="TRUE">298.257222</denflat></geodetic></horizsys></spref><refSysInfo><RefSystem><refSysID><identCode Sync="TRUE">NAD_1983_Albers</identCode></refSysID></RefSystem></refSysInfo><spatRepInfo><VectSpatRep><topLvl><TopoLevCd Sync="TRUE" value="001"></TopoLevCd></topLvl><geometObjs Name="CentralValleyTribsAndRivs"><geoObjTyp><GeoObjTypCd Sync="TRUE" value="001"></GeoObjTypCd></geoObjTyp><geoObjCnt Sync="TRUE">0</geoObjCnt></geometObjs></VectSpatRep></spatRepInfo><eainfo><detailed Name="CentralValleyTribsAndRivs"><enttyp><enttypl Sync="TRUE">CentralValleyTribsAndRivs</enttypl><enttypt Sync="TRUE">Feature Class</enttypt><enttypc Sync="TRUE">0</enttypc></enttyp><attr><attrlabl Sync="TRUE">FID</attrlabl><attalias Sync="TRUE">FID</attalias><attrtype Sync="TRUE">OID</attrtype><attwidth Sync="TRUE">4</attwidth><atprecis Sync="TRUE">0</atprecis><attscale Sync="TRUE">0</attscale><attrdef Sync="TRUE">Internal feature number.</attrdef><attrdefs Sync="TRUE">ESRI</attrdefs><attrdomv><udom Sync="TRUE">Sequential unique whole numbers that are automatically generated.</udom></attrdomv></attr><attr><attrlabl Sync="TRUE">OBJECTID</attrlabl><attalias Sync="TRUE">OBJECTID</attalias><attrtype Sync="TRUE">Number</attrtype><attwidth Sync="TRUE">9</attwidth><attrdef Sync="TRUE">Internal feature number.</attrdef><attrdefs Sync="TRUE">ESRI</attrdefs><attrdomv><udom Sync="TRUE">Sequential unique whole numbers that are automatically generated.</udom></attrdomv></attr><attr><attrlabl Sync="TRUE">Shape</attrlabl><attalias Sync="TRUE">Shape</attalias><attrtype Sync="TRUE">Geometry</attrtype><attwidth Sync="TRUE">0</attwidth><atprecis Sync="TRUE">0</atprecis><attscale Sync="TRUE">0</attscale><attrdef Sync="TRUE">Feature geometry.</attrdef><attrdefs Sync="TRUE">ESRI</attrdefs><attrdomv><udom Sync="TRUE">Coordinates defining the features.</udom></attrdomv></attr><attr><attrlabl Sync="TRUE">FNODE_</attrlabl><attalias Sync="TRUE">FNODE_</attalias><attrtype Sync="TRUE">Float</attrtype><attwidth Sync="TRUE">19</attwidth><atnumdec Sync="TRUE">11</atnumdec></attr><attr><attrlabl Sync="TRUE">TNODE_</attrlabl><attalias Sync="TRUE">TNODE_</attalias><attrtype Sync="TRUE">Float</attrtype><attwidth Sync="TRUE">19</attwidth><atnumdec Sync="TRUE">11</atnumdec></attr><attr><attrlabl Sync="TRUE">LPOLY_</attrlabl><attalias Sync="TRUE">LPOLY_</attalias><attrtype Sync="TRUE">Float</attrtype><attwidth Sync="TRUE">19</attwidth><atnumdec Sync="TRUE">11</atnumdec></attr><attr><attrlabl Sync="TRUE">RPOLY_</attrlabl><attalias Sync="TRUE">RPOLY_</attalias><attrtype Sync="TRUE">Float</attrtype><attwidth Sync="TRUE">19</attwidth><atnumdec Sync="TRUE">11</atnumdec></attr><attr><attrlabl Sync="TRUE">LENGTH</attrlabl><attalias Sync="TRUE">LENGTH</attalias><attrtype Sync="TRUE">Float</attrtype><attwidth Sync="TRUE">19</attwidth><atnumdec Sync="TRUE">11</atnumdec></attr><attr><attrlabl Sync="TRUE">HYDRARCA_</attrlabl><attalias Sync="TRUE">HYDRARCA_</attalias><attrtype Sync="TRUE">Float</attrtype><attwidth Sync="TRUE">19</attwidth><atnumdec Sync="TRUE">11</atnumdec></attr><attr><attrlabl Sync="TRUE">HYDRARCA_I</attrlabl><attalias Sync="TRUE">HYDRARCA_I</attalias><attrtype Sync="TRUE">Float</attrtype><attwidth Sync="TRUE">19</attwidth><atnumdec Sync="TRUE">11</atnumdec></attr><attr><attrlabl Sync="TRUE">MAJOR1</attrlabl><attalias Sync="TRUE">MAJOR1</attalias><attrtype Sync="TRUE">Float</attrtype><attwidth Sync="TRUE">19</attwidth><atnumdec Sync="TRUE">11</atnumdec></attr><attr><attrlabl Sync="TRUE">MINOR1</attrlabl><attalias Sync="TRUE">MINOR1</attalias><attrtype Sync="TRUE">Float</attrtype><attwidth Sync="TRUE">19</attwidth><atnumdec Sync="TRUE">11</atnumdec></attr><attr><attrlabl Sync="TRUE">MAJOR2</attrlabl><attalias Sync="TRUE">MAJOR2</attalias><attrtype Sync="TRUE">Float</attrtype><attwidth Sync="TRUE">19</attwidth><atnumdec Sync="TRUE">11</atnumdec></attr><attr><attrlabl Sync="TRUE">MINOR2</attrlabl><attalias Sync="TRUE">MINOR2</attalias><attrtype Sync="TRUE">Float</attrtype><attwidth Sync="TRUE">19</attwidth><atnumdec Sync="TRUE">11</atnumdec></attr><attr><attrlabl Sync="TRUE">MAJOR3</attrlabl><attalias Sync="TRUE">MAJOR3</attalias><attrtype Sync="TRUE">Float</attrtype><attwidth Sync="TRUE">19</attwidth><atnumdec Sync="TRUE">11</atnumdec></attr><attr><attrlabl Sync="TRUE">MINOR3</attrlabl><attalias Sync="TRUE">MINOR3</attalias><attrtype Sync="TRUE">Float</attrtype><attwidth Sync="TRUE">19</attwidth><atnumdec Sync="TRUE">11</atnumdec></attr><attr><attrlabl Sync="TRUE">MAJOR4</attrlabl><attalias Sync="TRUE">MAJOR4</attalias><attrtype Sync="TRUE">Float</attrtype><attwidth Sync="TRUE">19</attwidth><atnumdec Sync="TRUE">11</atnumdec></attr><attr><attrlabl Sync="TRUE">MINOR4</attrlabl><attalias Sync="TRUE">MINOR4</attalias><attrtype Sync="TRUE">Float</attrtype><attwidth Sync="TRUE">19</attwidth><atnumdec Sync="TRUE">11</atnumdec></attr><attr><attrlabl Sync="TRUE">MAJOR5</attrlabl><attalias Sync="TRUE">MAJOR5</attalias><attrtype Sync="TRUE">Float</attrtype><attwidth Sync="TRUE">19</attwidth><atnumdec Sync="TRUE">11</atnumdec></attr><attr><attrlabl Sync="TRUE">MINOR5</attrlabl><attalias Sync="TRUE">MINOR5</attalias><attrtype Sync="TRUE">Float</attrtype><attwidth Sync="TRUE">19</attwidth><atnumdec Sync="TRUE">11</atnumdec></attr><attr><attrlabl Sync="TRUE">FLOW</attrlabl><attalias Sync="TRUE">FLOW</attalias><attrtype Sync="TRUE">Number</attrtype><attwidth Sync="TRUE">4</attwidth></attr><attr><attrlabl Sync="TRUE">TDCKEY</attrlabl><attalias Sync="TRUE">TDCKEY</attalias><attrtype Sync="TRUE">Number</attrtype><attwidth Sync="TRUE">9</attwidth></attr><attr><attrlabl Sync="TRUE">DCU</attrlabl><attalias Sync="TRUE">DCU</attalias><attrtype Sync="TRUE">Number</attrtype><attwidth Sync="TRUE">9</attwidth></attr><attr><attrlabl Sync="TRUE">PNAME</attrlabl><attalias Sync="TRUE">PNAME</attalias><attrtype Sync="TRUE">String</attrtype><attwidth Sync="TRUE">30</attwidth></attr><attr><attrlabl Sync="TRUE">PNMCD</attrlabl><attalias Sync="TRUE">PNMCD</attalias><attrtype Sync="TRUE">String</attrtype><attwidth Sync="TRUE">11</attwidth></attr><attr><attrlabl Sync="TRUE">STATECODE</attrlabl><attalias Sync="TRUE">STATECODE</attalias><attrtype Sync="TRUE">String</attrtype><attwidth Sync="TRUE">1</attwidth></attr><attr><attrlabl Sync="TRUE">HSCKEY</attrlabl><attalias Sync="TRUE">HSCKEY</attalias><attrtype Sync="TRUE">Number</attrtype><attwidth Sync="TRUE">9</attwidth></attr><attr><attrlabl Sync="TRUE">HYSNUM</attrlabl><attalias Sync="TRUE">HYSNUM</attalias><attrtype Sync="TRUE">Number</attrtype><attwidth Sync="TRUE">4</attwidth></attr><attr><attrlabl Sync="TRUE">Element</attrlabl><attalias Sync="TRUE">Element</attalias><attrtype Sync="TRUE">String</attrtype><attwidth Sync="TRUE">50</attwidth></attr><attr><attrlabl Sync="TRUE">Shape_Leng</attrlabl><attalias Sync="TRUE">Shape_Leng</attalias><attrtype Sync="TRUE">Float</attrtype><attwidth Sync="TRUE">19</attwidth><atnumdec Sync="TRUE">11</atnumdec></attr></detailed></eainfo><mdDateSt Sync="TRUE">20100608</mdDateSt><dataqual><lineage><procstep><procdesc Sync="TRUE">Dataset copied.</procdesc><srcused Sync="TRUE"></srcused><date Sync="TRUE">20070803</date><time Sync="TRUE">10191800</time></procstep><procstep><procdesc Sync="TRUE">Dataset copied.</procdesc><srcused Sync="TRUE"></srcused><procdate Sync="TRUE">20081118</procdate><proctime Sync="TRUE">12224500</proctime></procstep><procstep><procdesc Sync="TRUE">Dataset copied.</procdesc><srcused Sync="TRUE"></srcused><procdate Sync="TRUE">20081118</procdate><proctime Sync="TRUE">13094400</proctime></procstep><procstep><procdesc Sync="TRUE">Dataset copied.</procdesc><srcused Sync="TRUE">\\TS-01\E\Hydra\GEODATA\ALLBASINS\HYDRA_ALLBASINS.mdb</srcused><procdate Sync="TRUE">20090218</procdate><proctime Sync="TRUE">16255500</proctime></procstep><procstep><procdesc Sync="TRUE">Dataset copied.</procdesc><srcused Sync="TRUE"></srcused><procdate Sync="TRUE">20100608</procdate><proctime Sync="TRUE">11190700</proctime></procstep></lineage></dataqual></metadata>
