PLOT,METHOD.x,UCDavisObject_ID,LF,Riparian,Subsurface,DS,Dry,Depressional,wet_mesic,mesic,mesic_dry,dry,elev,source_type,METHOD.y,PLOTNAME2,UCDavis_Object_ID,AREA_ACRE,STATE,HUC12,OWNERSHIP,EDGE_COMPL,DOM_ROCKTY,VEG_MAJORI,COKEY,Kf,ClayTot_r,MUKEY,SOIL_SURVE,COMP_NAME,CATCHMENT_,ELEV_MEAN,ELEV_RANGE,LAT_DD,LONG_DD,FLOW_RANGE,FLOW_SLOPE,ED_MIN_LAK,ED_MIN_FLO,ED_MIN_SEE,HGM_TYPE,ED_MIN_FSt,Shape_Leng,Shape_Area
ELD0101,frequency,UCDSNM012349,40,NA,60,NA,NA,NA,30,70,NA,NA,2170,1,rooted frequency,ELD0101 -ONION VALLEY,UCDSNM012349,1.61500920214,CA,180400120401,Eldorado National Forest,1.28831898328,granodiorite,Riparian,464853:642321,0.37,20,464853,SSURGO,AQUEPTS,149400,2170.31,5.77588,38.5650616817,-120.188422085,654.853,0.00882011957496,1675.29,0,1099.86,Discharge slope peatland,437.379,369.211829833,6535.73650485
ELD0102,frequency,UCDSNM012372,NA,100,NA,NA,NA,NA,NA,50,50,NA,2329,5,rooted frequency,ELD0102 -WILLOW FLAT,UCDSNM012372,18.0941334776,CA,180400120105,Eldorado National Forest,2.56829199336,granodiorite,Conifer,464853:642321,0.37,20,464853,SSURGO,AQUEPTS,1887300,2329.15,19.8884,38.5702733037,-120.155078399,1823.09,0.0109091946293,2669.23,591.693,502.195,Dry,0,2463.64443242,73224.6531697
ELD0103,frequency,UCDSNM012479,NA,60,NA,40,NA,NA,30,60,10,NA,2054,5,rooted frequency,ELD0103 -UPPER FOSTER,UCDSNM012479,32.2411356226,CA,180400130401,Eldorado National Forest,3.41091063438,andesite,Riparian,464853:642321,0.37,20,464853,SSURGO,AQUEPTS,4404600,2054.85,41.9657,38.5914709844,-120.248673835,3929.85,0.0106786973148,3712.14,0,860.93,Riparian low gradient,0,4367.57313586,130475.768662
ELD0104,frequency,UCDSNM012306,NA,NA,NA,100,NA,NA,80,NA,20,NA,1224,3,rooted frequency,ELD0104 -BARNEY MEADOW,UCDSNM012306,3.70470952866,CA,180400130403,Eldorado National Forest,1.39431532366,andesite,Conifer,464857:642331,0.2,13,464857,SSURGO,PILLIKEN,265500,1224.98,20.4766,38.5506403427,-120.462686617,1125.81,0.0181883750945,7639.61,138.924,5057.76,Discharge slope,70,605.205252186,14992.4875191
ELD0105,frequency,UCDSNM012992,NA,90,NA,10,NA,NA,40,50,10,NA,2331,5,rooted frequency,ELD0105 -CODY MEADOW,UCDSNM012992,62.1707588624,CA,180201290301,Eldorado National Forest,4.20811911643,andesite,Conifer,464853:642321,0.37,20,464853,SSURGO,AQUEPTS,3776400,2331,84.4504,38.7450049944,-120.131968642,3058.23,0.027614097674,1240.36,0,4330.42,Subsurface middle gradient,0,7482.48440579,251597.141175
ELD0106,frequency,UCDSNM012863,NA,NA,100,NA,NA,NA,20,80,NA,NA,1921,7,rooted frequency,ELD0106 -GOVERNMENT MEADOW,UCDSNM012863,2.84862486729,CA,180201290101,Eldorado National Forest,1.812170274,granodiorite,Riparian,464853:642321,0.37,20,464853,SSURGO,AQUEPTS,1130400,1921.14,10.1357,38.7085984944,-120.150043538,1898.53,0.0053387150466,4959.4,250.2,833.846,Subsurface low gradient,0,689.733519126,11528.0219512
ELD0107,frequency,UCDSNM012847,NA,NA,20,NA,80,NA,NA,NA,20,80,1844,7,rooted frequency,ELD0107 -JAKE SCHNEIDER MDW,UCDSNM012847,12.357351361,CA,180201290101,Eldorado National Forest,2.66909841203,andesite,Conifer,464853:642321,0.37,20,464853,SSURGO,AQUEPTS,244800,1844.05,13.5842,38.7029654259,-120.16850797,921.838,0.0147360012219,4587.95,0,1116.65,Dry,0,2115.88477327,50008.6267534
ELD0109,frequency,UCDSNM012729,NA,NA,NA,NA,NA,100,100,NA,NA,NA,2044,2,rooted frequency,ELD0109 -Shaw Flat,UCDSNM012729,4.34185800151,CA,180201290103,Eldorado National Forest,1.39412070952,granodiorite,Riparian,464969:642528,0.24,7,464969,SSURGO,XERUMBREPTS,294300,2044.76,8.49109,38.6534330374,-120.190403294,1139.12,0.00745409821818,3119.65,100,2004.12,Depressional seasonal,10,655.092851742,17570.9462223
ELD0110,frequency,UCDSNM012404,NA,100,NA,NA,NA,NA,10,70,20,NA,2073,5,rooted frequency,ELD0110 -Dufrene Meadow,UCDSNM012404,17.5397055365,CA,180400120401,Eldorado National Forest,1.74373541374,andesite,Conifer,464853:642321,0.37,20,464853,SSURGO,AQUEPTS,597600,2073.11,34.5168,38.5794969368,-120.234739439,1389.41,0.0248427571107,2032.14,0,0,Subsurface low gradient,28.2843,1646.8589072,70980.9539209
INY0101,frequency,UCDSNM005877,NA,40,NA,60,NA,NA,40,40,20,NA,2912,4,rooted frequency,INY0101 -COYOTE CREEK,UCDSNM005877,33.0645677834,CA,180901020603,Inyo National Forest,2.23496378023,glacial drift,Riparian,471487:665552,0.24,2,471487,SSURGO,Aquic Haploxerolls,15480900,2911.63,36.3706,37.2399101313,-118.492381906,7519.03,0.00483713796708,4340.88,0,10,Riparian middle gradient,0,2898.12167929,133808.09372
INY0102,greenline,UCDSNM005877,NA,40,NA,60,NA,NA,40,40,20,NA,2912,4,greenline,INY0102 -Coyote Cr West fork,UCDSNM005877,33.0645677834,CA,180901020603,Inyo National Forest,2.23496378023,glacial drift,Riparian,471487:665552,0.24,2,471487,SSURGO,Aquic Haploxerolls,15480900,2911.63,36.3706,37.2399101313,-118.492381906,7519.03,0.00483713796708,4340.88,0,10,Riparian middle gradient,0,2898.12167929,133808.09372
INY0103,frequency,UCDSNM005630,NA,80,NA,10,NA,NA,10,60,30,NA,3018,5,rooted frequency,INY0103 -SANGER,UCDSNM005630,421.384321694,CA,180901020708,Inyo National Forest,2.47597185694,glacial drift,Shrubland,471487:665552,0.24,2,471487,SSURGO,Aquic Haploxerolls,20187000,3018.25,43.948,37.1901169391,-118.457030204,8896.02,0.00494018562454,3084.15,0,0,Riparian middle gradient,0,11461.7145089,1705288.6697
INY0104,frequency,UCDSNM005371,NA,95,NA,5,NA,NA,20,80,NA,NA,3055,5,rooted frequency,INY0104 -LOWER BAKER CREEK,UCDSNM005371,13.4549013646,CA,180901020708,Inyo National Forest,2.33423682306,glacial drift,Riparian,660549:952544,0.2,10,660549,STATSGO,Surprise,14398200,3055.97,73.2896,37.1704403618,-118.459662103,9231.17,0.00793936626634,2030.66,0,140.357,Riparian low gradient,0,1930.85602445,54450.2718008
INY0105,frequency,UCDSNM005339,NA,NA,NA,NA,NA,100,NA,10,90,NA,1607,2,rooted frequency,INY0105 -UPPER BAKER,UCDSNM005339,61.008311092,CA,180901020708,Inyo National Forest,2.42667452278,glacial drift,Riparian,471487:665552,0.24,2,471487,SSURGO,Aquic Haploxerolls,11653200,3136.71,58.4736,37.1653668528,-118.478020806,7105.06,0.00822984961569,311.448,0,0,Riparian low gradient,0,4274.35636419,246892.863133
INY0113,frequency,UCDSNM000426,NA,100,NA,0,NA,NA,10,50,40,NA,2405,5,rooted frequency,INY0113 -Bakeoven Meadow,UCDSNM000426,4610.37439154,CA,180300020104,Inyo National Forest,9.64235811501,alluvium,Conifer,660551:952564,0.24,6.5,660551,STATSGO,Nupart,379343700,2405.08,160.137,36.1873856649,-118.169706108,52333.8,0.00305991305052,15562,0,660.681,Riparian low gradient,0,147644.084769,18657597.8464
INY0114,frequency,UCDSNM000426,NA,90,NA,10,NA,NA,10,50,40,NA,2405,5,rooted frequency,INY0114 -Upper Monache Meadow,UCDSNM000426,4610.37439154,CA,180300020104,Inyo National Forest,9.64235811501,alluvium,Conifer,660551:952564,0.24,6.5,660551,STATSGO,Nupart,379343700,2405.08,160.137,36.1873856649,-118.169706108,52333.8,0.00305991305052,15562,0,660.681,Riparian low gradient,0,147644.084769,18657597.8464
INY0115,frequency,UCDSNM000426,NA,80,NA,10,10,NA,10,80,10,NA,2405,5,rooted frequency,INY0115 -Lower Monache Meadow,UCDSNM000426,4610.37439154,CA,180300020104,Inyo National Forest,9.64235811501,alluvium,Conifer,660551:952564,0.24,6.5,660551,STATSGO,Nupart,379343700,2405.08,160.137,36.1873856649,-118.169706108,52333.8,0.00305991305052,15562,0,660.681,Riparian low gradient,0,147644.084769,18657597.8464
INY0116,frequency,UCDSNM000398,NA,90,NA,10,NA,NA,80,20,NA,NA,2488,5,rooted frequency,INY0116 -Kingfisher Stringer Meadow,UCDSNM000398,24.0233363573,CA,180300020103,Inyo National Forest,3.03303773594,granodiorite,Riparian,660551:952564,0.24,6.5,660551,STATSGO,Nupart,5966100,2488.46,27.9346,36.2263028059,-118.215201592,4320.73,0.00646524409973,18975.3,0,8144.41,Riparian middle gradient,0,3352.42573394,97219.3819023
INY0117,greenline,UCDSNM000437,NA,90,NA,10,NA,NA,10,80,10,NA,2682,5,greenline,INY0117 -Long Canyon Greenline,UCDSNM000437,173.697340365,CA,180300010401,Inyo National Forest,5.38612828848,granodiorite,Conifer,660515:952163,0.2,2.5,660515,STATSGO,Toem,10429200,2682.16,295.927,36.2410306349,-118.240396535,7154.77,0.0413607984603,15585.9,0,9366.17,Subsurface high gradient,0,16008.033242,702931.009131
INY0118,frequency,UCDSNM000365,NA,40,NA,60,NA,NA,40,50,10,NA,2562,4,rooted frequency,INY0118 -Casa Vieja Outside Fence,UCDSNM000365,192.363643583,CA,180300010401,Inyo National Forest,3.27626364397,granodiorite,Conifer,660515:952163,0.2,2.5,660515,STATSGO,Toem,10656000,2562,87.2976,36.2004861841,-118.265399671,4448.01,0.0196262060444,16133.1,0,11494.7,Riparian middle gradient,0,10247.1961119,778471.160354
INY0119,frequency,UCDSNM000365,NA,40,NA,60,NA,NA,40,50,10,NA,2562,4,rooted frequency,INY0119 -Casa Vieja Inside Fence,UCDSNM000365,192.363643583,CA,180300010401,Inyo National Forest,3.27626364397,granodiorite,Conifer,660515:952163,0.2,2.5,660515,STATSGO,Toem,10656000,2562,87.2976,36.2004861841,-118.265399671,4448.01,0.0196262060444,16133.1,0,11494.7,Riparian middle gradient,0,10247.1961119,778471.160354
INY0120,frequency,UCDSNM000365,NA,40,NA,60,NA,NA,40,50,10,NA,2562,4,rooted frequency,INY0120 -Upper Casa Vieja,UCDSNM000365,192.363643583,CA,180300010401,Inyo National Forest,3.27626364397,granodiorite,Conifer,660515:952163,0.2,2.5,660515,STATSGO,Toem,10656000,2562,87.2976,36.2004861841,-118.265399671,4448.01,0.0196262060444,16133.1,0,11494.7,Riparian middle gradient,0,10247.1961119,778471.160354
INY0121,frequency,UCDSNM000463,NA,10,NA,90,NA,NA,80,20,NA,NA,2677,4,rooted frequency,INY0121 -Redrock Meadow,UCDSNM000463,53.722395992,CA,180300010401,Inyo National Forest,3.88769722745,granodiorite,Riparian,660515:952163,0.2,2.5,660515,STATSGO,Toem,8507700,2677.56,203.793,36.2719121733,-118.26988515,5394.7,0.0377765073956,11876.7,0,12308.2,Subsurface high gradient,0,6425.91281053,217407.692877
INY0122,frequency,UCDSNM000437,NA,50,NA,50,NA,NA,70,30,NA,NA,2682,4,rooted frequency,INY0122 -Beer Keg Meadow,UCDSNM000437,173.697340365,CA,180300010401,Inyo National Forest,5.38612828848,granodiorite,Conifer,660515:952163,0.2,2.5,660515,STATSGO,Toem,10429200,2682.16,295.927,36.2410306349,-118.240396535,7154.77,0.0413607984603,15585.9,0,9366.17,Subsurface high gradient,0,16008.033242,702931.009131
INY0130,frequency,UCDSNM001115,NA,70,NA,30,NA,NA,30,70,NA,NA,3044,5,rooted frequency,INY0130 -POISON,UCDSNM001115,694.361214279,CA,180901030404,Inyo National Forest,4.04338833775,granodiorite,Conifer,466849:645846,0.24,5.5,466849,SSURGO,Typic Cryorthents,17609400,3044.22,359.387,36.4441016229,-118.182450583,8284.48,0.0433807762857,2375.39,0,0,Riparian middle gradient,0,24027.1849458,2809991.37942
INY0131,frequency,UCDSNM001115,NA,50,NA,50,NA,NA,30,70,NA,NA,3044,4,rooted frequency,INY0131 -ROUND,UCDSNM001115,694.361214279,CA,180901030404,Inyo National Forest,4.04338833775,granodiorite,Conifer,466849:645846,0.24,5.5,466849,SSURGO,Typic Cryorthents,17609400,3044.22,359.387,36.4441016229,-118.182450583,8284.48,0.0433807762857,2375.39,0,0,Riparian middle gradient,0,24027.1849458,2809991.37942
INY0132,frequency,UCDSNM001115,NA,40,NA,60,NA,NA,50,50,NA,NA,3044,4,rooted frequency,INY0132 -ADMIN SITE,UCDSNM001115,694.361214279,CA,180901030404,Inyo National Forest,4.04338833775,granodiorite,Conifer,466849:645846,0.24,5.5,466849,SSURGO,Typic Cryorthents,17609400,3044.22,359.387,36.4441016229,-118.182450583,8284.48,0.0433807762857,2375.39,0,0,Riparian middle gradient,0,24027.1849458,2809991.37942
INY0135,frequency,UCDSNM000795,NA,90,NA,10,NA,NA,20,80,NA,NA,2778,5,rooted frequency,INY0135 -OVERHOLSTER MEADOW,UCDSNM000795,84.0589568556,CA,180300020102,Inyo National Forest,3.84696116311,granodiorite,Riparian,660513:952141,0.17,2.5,660513,STATSGO,Toem,35764200,2778.11,65.4585,36.3752260052,-118.208378194,12986.7,0.00504042597427,8227.96,0,5743.14,Riparian low gradient,784.092,7953.79662701,340175.890113
INY0136,frequency,UCDSNM000971,NA,60,NA,40,NA,NA,20,60,20,NA,2861,4,rooted frequency,INY0136 -MULKEY EXCLOSURE SOUTH,UCDSNM000971,708.320418876,CA,180300020102,Inyo National Forest,6.96062622548,granodiorite,Conifer,660515:952163,0.2,2.5,660515,STATSGO,Toem,31772700,2861.6,108.539,36.4053104404,-118.192031378,10074.2,0.0107739679319,5242.63,0,869.77,Riparian low gradient,0,41776.100124,2866482.50216
INY0137,frequency,UCDSNM000195,NA,70,NA,30,NA,NA,20,60,NA,NA,2861,5,rooted frequency,INY0137 -MULKEY SOUTH,UCDSNM000195,9.49616741077,CA,180300010502,Sequoia National Forest,1.34197509282,granodiorite,Conifer,465186:642950,0.15,2.5,465186,SSURGO,Toem,297900,2652.88,56.7261,36.0597107045,-118.392868167,713.97,0.0794517021453,27286.9,1257.82,8189.81,NA,1209.34,932.574046097,38429.7797934
INY0138,frequency,UCDSNM000922,NA,20,NA,80,NA,NA,60,40,NA,NA,2932,4,rooted frequency,INY0138 -BEAR MEADOW,UCDSNM000922,35.2872470382,CA,180300020102,Inyo National Forest,2.34381294866,granodiorite,Conifer,660513:952141,0.17,2.5,660513,STATSGO,Toem,1662300,2932.13,74.2476,36.4009743323,-118.167434148,2205.81,0.0336600618277,7726.58,392.938,2757.46,Riparian middle gradient,368.917,3139.76091482,142802.993517
INY0139,frequency,UCDSNM000971,NA,60,NA,40,NA,NA,40,60,NA,NA,2932,4,rooted frequency,INY0139 -MULKEY CENTRAL,UCDSNM000971,708.320418876,CA,180300020102,Inyo National Forest,6.96062622548,granodiorite,Conifer,660515:952163,0.2,2.5,660515,STATSGO,Toem,31772700,2861.6,108.539,36.4053104404,-118.192031378,10074.2,0.0107739679319,5242.63,0,869.77,Riparian low gradient,0,41776.100124,2866482.50216
INY0140,frequency,UCDSNM000996,NA,40,NA,60,NA,NA,70,30,NA,NA,2934,4,rooted frequency,INY0140 -DIAZ CREEK,UCDSNM000996,94.1105184068,CA,180901030405,Inyo National Forest,3.10521694997,granodiorite,Conifer,466858:645865,0.24,5.5,466858,SSURGO,Typic Cryorthents,8726400,2934.53,44.1475,36.41691672,-118.135850118,6105.29,0.0072310254273,8175.92,0,128.062,Riparian middle gradient,78.1025,6793.22064581,380853.279242
INY0141,greenline,UCDSNM000996,NA,40,NA,60,NA,NA,70,30,NA,NA,2934,4,greenline,INY0141 -Diaz Creek,UCDSNM000996,94.1105184068,CA,180901030405,Inyo National Forest,3.10521694997,granodiorite,Conifer,466858:645865,0.24,5.5,466858,SSURGO,Typic Cryorthents,8726400,2934.53,44.1475,36.41691672,-118.135850118,6105.29,0.0072310254273,8175.92,0,128.062,Riparian middle gradient,78.1025,6793.22064581,380853.279242
INY0142,frequency,UCDSNM000878,NA,40,NA,60,NA,NA,80,20,NA,NA,3059,4,rooted frequency,INY0142 -ASH MEADOW,UCDSNM000878,209.301329086,CA,180901030403,Inyo National Forest,3.37871038359,granodiorite,Conifer,466858:645865,0.24,5.5,466858,SSURGO,Typic Cryorthents,7812900,3059.42,147.61,36.3907494845,-118.146680592,3904.63,0.0378038283259,8945.24,0,2090.1,Riparian low gradient,120.416,11023.0472744,847015.815888
LAS0101,frequency,UCDSNM016210,NA,30,NA,70,NA,NA,70,30,NA,NA,1625,4,rooted frequency,LAS0101 -Papoose,UCDSNM016210,296.533934653,CA,180800030305,Lassen National Forest,1.92689127619,andesite,Riparian,487776:695748,0.28,5,487776,SSURGO,Xerolls,17015400,1625.3,14.705,40.526883657,-120.760531886,7679.85,0.00191475218575,1760.45,0,0,Riparian low gradient,0,7482.71329894,1200035.05804
LAS0102,frequency,UCDSNM016577,100,NA,NA,NA,NA,NA,NA,100,NA,NA,1640,1,rooted frequency,LAS0102 -Big Jacks,UCDSNM016577,48.6697653657,CA,180200030104,Lassen National Forest,2.6489805579,andesite,Shrubland,470977:660084,0.2,20,470977,SSURGO,Aquolls,29020500,1640.25,25.7404,40.7943356732,-120.987081833,11648.2,0.00220981023743,272.947,0,6464.32,Depressional perennial,0,4167.47567517,196960.340387
LAS0103,frequency,UCDSNM016565,NA,NA,NA,NA,NA,100,80,30,NA,NA,1634,2,rooted frequency,LAS0103 -Upper Long Valley,UCDSNM016565,14.2749093544,CA,180200030105,Lassen National Forest,1.39293530109,andesite,Riparian,470977:660084,0.2,20,470977,SSURGO,Aquolls,1146600,1634.95,2.8988,40.7881360139,-121.046433989,1943.97,0.00149117527534,888.369,1531.7,8175.73,Depressional perennial,10,1186.81303786,57768.7396748
LAS0104,frequency,UCDSNM016589,NA,NA,NA,NA,NA,100,30,30,40,NA,1628,2,rooted frequency,LAS0104 -Lower Long Valley,UCDSNM016589,148.105297527,CA,180200030105,Lassen National Forest,2.03838868597,andesite,Shrubland,470977:660084,0.2,20,470977,SSURGO,Aquolls,25932600,1628.58,7.67737,40.7976561709,-121.059704584,11711.8,0.000655526022113,0,598.164,8969.75,Depressional perennial,0,5594.18718763,599363.271941
LAS0105,frequency,UCDSNM016612,NA,NA,NA,NA,NA,100,30,30,40,NA,1607,2,rooted frequency,LAS0105 -Straylor,UCDSNM016612,250.887599251,CA,180200030105,Lassen National Forest,4.36321767655,andesite,Shrubland,470977:660084,0.2,20,470977,SSURGO,Aquolls,43590600,1607.15,24.9879,40.8125852663,-121.089082615,15248.3,0.00163873887167,0,0,5637.2,Depressional perennial,0,15585.1565828,1015310.15357
LAS0106,frequency,UCDSNM016622,NA,NA,100,NA,NA,NA,10,90,NA,NA,1567,7,rooted frequency,LAS0106 -Negro Spring,UCDSNM016622,5.21233367731,CA,180200030803,Lassen National Forest,1.63263850199,andesite,Riparian,470978:660088,0.37,20,470978,SSURGO,Bobbitt,2652300,1567.43,5.27856,40.8290498036,-121.310776316,2256.4,0.00233937659879,7235.76,0,221.359,Subsurface high gradient,94.8683,840.564064572,21093.6503922
LAS0107,frequency,UCDSNM016513,NA,100,NA,NA,NA,NA,NA,100,NA,NA,1694,5,rooted frequency,LAS0107 -Bootleg Res.,UCDSNM016513,2.44229002643,CA,180200030607,Lassen National Forest,1.45945912552,andesite,Riparian,471023:660187,0.37,16,471023,SSURGO,Klicker,44100,1694.7,5.87781,40.7545770702,-121.307207348,1289.12,0.00455956286357,3324.12,0,2478.14,NA,28.2843,514.345767356,9883.63661331
LAS0108,frequency,UCDSNM016618,NA,100,NA,NA,NA,NA,10,80,10,NA,1541,5,rooted frequency,LAS0108 -Beaver Creek,UCDSNM016618,27.8921837905,CA,180200030201,Lassen National Forest,2.04419514246,andesite,Conifer,470977:660084,0.2,20,470977,SSURGO,Aquolls,10566900,1541.3,13.2056,40.824963646,-121.239073405,7415.36,0.00178084408579,8099.05,0,5556.3,Riparian low gradient,0,2434.6037121,112876.114611
LAS0109,frequency,UCDSNM016627,NA,100,NA,NA,NA,NA,NA,NA,100,NA,1561,5,rooted frequency,LAS0109 -Gibbs Spring,UCDSNM016627,9.46060583974,CA,180200030201,Lassen National Forest,1.44758164147,andesite,Shrubland,470993:660124,0.32,15,470993,SSURGO,Durixerolls,327600,1561.27,5.99158,40.8411798657,-121.231222577,1181.54,0.00507097921955,7378.36,1564.16,4062.73,Subsurface low gradient,0,1004.07748774,38285.8666457
LAS0110,frequency,UCDSNM016619,NA,100,NA,NA,NA,NA,NA,100,NA,NA,1678,5,rooted frequency,LAS0110 -Blacks Gulch,UCDSNM016619,3.1357576792,CA,180200030201,Lassen National Forest,1.98618896048,andesite,Riparian,470977:660084,0.2,20,470977,SSURGO,Aquolls,137700,1678.43,3.73865,40.8264566972,-121.177567787,1199.12,0.00311783587423,3109.34,10,715.891,Subsurface low gradient,0,793.152316898,12690.0118631
LAS0111,frequency,UCDSNM015794,NA,NA,NA,100,NA,NA,50,50,NA,NA,1500,3,rooted frequency,LAS0111 -Morgan Springs,UCDSNM015794,2.88757127265,CA,180201560301,Lassen National Forest,1.31777087705,andesite,Riparian,460697:629105,0.43,23.5,460697,SSURGO,Chummy,113400,1498.95,1.23267,40.3689595006,-121.498175824,968.528,0.00127272507633,4400,107.703,312.41,Riparian low gradient,10,504.976184219,11685.6330923
LAS0112,frequency,UCDSNM015748,NA,NA,100,NA,NA,NA,NA,100,NA,NA,1610,7,rooted frequency,LAS0112 -Wilson Lake,UCDSNM015748,2.07096625082,CA,180201570202,Lassen National Forest,1.49205637935,andesite,Conifer,460966:630004,0.2,10,460966,SSURGO,Windy,369900,1610.24,8.11694,40.3450319214,-121.43201348,499.705,0.0162434473905,141.421,547.083,1918.02,Lacustrine fringe,10,484.212907373,8380.93659643
LAS0113,frequency,UCDSNM015782,NA,20,NA,80,NA,NA,50,50,NA,NA,1463,4,rooted frequency,LAS0113 -Pasture 172,UCDSNM015782,63.1533109375,CA,180201560301,Lassen National Forest,3.46447965314,andesite,Conifer,460697:629105,0.43,23.5,460697,SSURGO,Chummy,319500,1463.08,33.3369,40.3578321544,-121.513109833,1665.81,0.0200124624281,4879.36,50,222.036,Riparian low gradient,0,6208.70148066,255573.404256
LAS0114,frequency,UCDSNM015786,NA,NA,100,NA,NA,NA,NA,100,NA,NA,1654,7,rooted frequency,LAS0114 -Rice Creek Meadow,UCDSNM015786,67.9426607302,CA,180201210102,Private,2.37677130428,andesite,Riparian,470976:660083,0.2,20,470976,SSURGO,Aquolls,12359700,1654.27,7.87903,40.3581668514,-121.457303991,9107.79,0.000865087110064,1999.85,0,1530.62,Riparian low gradient,0,4417.97601478,274955.292751
LAS0116,frequency,UCDSNM015880,NA,10,NA,90,NA,NA,80,20,NA,NA,2023,4,rooted frequency,LAS0116 -SPENCER,UCDSNM015880,37.8988546659,CA,180201560301,Lassen National Forest,2.2607701146,andesite,Riparian,2434423:1774090,0.32,32.6,2434423,SSURGO,Vitrandic Cryofluvents,1657800,2023.21,33.5985,40.4203265051,-121.481286494,2722.2,0.0123423887409,1831.42,0,2409.02,Riparian low gradient,0,3138.58671814,153371.836893
LAS0117,frequency,UCDSNM015788,NA,NA,NA,100,NA,NA,90,10,NA,NA,1500,3,rooted frequency,LAS0117 -CHILDS MEADOW,UCDSNM015788,47.4878222687,CA,180201560301,Private,2.25624752588,andesite,Riparian,460697:629105,0.43,23.5,460697,SSURGO,Chummy,2664000,1500.49,26.2727,40.3639587574,-121.496197742,3379.19,0.00777485136971,4573.16,0,582.151,Subsurface low gradient,0,3506.24739838,192177.167242
LAS0118,frequency,UCDSNM016603,NA,100,NA,NA,NA,NA,NA,90,10,NA,1741,5,rooted frequency,LAS0118 -Busters Reservoir,UCDSNM016603,3.22429768249,CA,180200030106,Lassen National Forest,2.013249312,andesite,Conifer,470977:660084,0.2,20,470977,SSURGO,Aquolls,22199400,1741.08,3.46777,40.8122924818,-121.156318851,9559.92,0.000362740559072,1339.33,170,1435.58,Riparian low gradient,20,815.229339585,13048.3219774
LAS0119,frequency,UCDSNM016562,100,NA,NA,NA,NA,NA,NA,50,50,NA,1796,1,rooted frequency,LAS0119 -Bear Valle Res.,UCDSNM016562,119.29748111,CA,180200030106,Private,4.28323001416,andesite,Conifer,470977:660084,0.2,20,470977,SSURGO,Aquolls,3565800,1796.03,10.2643,40.7755326097,-121.11863171,3370.66,0.00304518905936,0,158.114,4830.37,Depressional perennial,0,10549.9825673,482781.708732
LTB0101,frequency,UCDSNM013188,NA,80,NA,20,NA,NA,NA,90,10,NA,2146,5,rooted frequency,LTB0101 -GRASS LAKE CREEK S FORK,UCDSNM013188,20.2605399727,CA,160501010301,Lake Tahoe Basin Management Unit,1.44045163416,granodiorite,Conifer,1652104:1207250,0.37,13,1652104,SSURGO,Tahoe,11656800,2146.21,13.2151,38.7909270355,-120.007813022,7218.3,0.00183077707621,2192.76,2908.69,4540.1,Riparian low gradient,0,1462.13975261,81991.8242766
LTB0102,frequency,UCDSNM012985,NA,NA,30,70,NA,NA,NA,90,10,NA,3141,6,rooted frequency,LTB0102 -UPPER ANTONE,UCDSNM012985,5.91084136404,CA,160501010301,Lake Tahoe Basin Management Unit,2.2410629454,andesite,Conifer,1652039:719430,0.24,14,1652039,SSURGO,Florand,1229400,2659.28,51.429,38.748251682,-119.990031533,1406.98,0.0365526284928,1091.79,5052.02,904.268,Dry,1060.99,1228.69299294,23920.4220174
LTB0103,frequency,UCDSNM013064,NA,NA,20,80,NA,NA,NA,90,10,NA,2886,6,rooted frequency,LTB0103 -ANTONE,UCDSNM013064,30.095127995,CA,160501010301,Lake Tahoe Basin Management Unit,3.63146149692,andesite,Conifer,1652103:1225058,0.32,10,1652103,SSURGO,Bidart,2356200,2506.39,100.727,38.7602920906,-119.993041843,2849.12,0.0353537604809,939.149,5132.07,1283.63,Subsurface middle gradient,440.114,4492.56363153,121791.149174
LTB0104,frequency,UCDSNM013922,NA,NA,NA,NA,NA,100,80,20,NA,NA,2299,2,rooted frequency,LTB0104 -TALAC CREEK,UCDSNM013922,182.956764652,CA,160501010401,Lake Tahoe Basin Management Unit,3.8702150399,alluvium,Riparian,1652108:659350,0.15,5,1652108,SSURGO,Watah,47454300,1898.67,15.3989,38.9391698783,-120.065479827,18802.6,0.000818974984909,10,6575.96,1739.25,Subsurface low gradient,0,11805.2185025,740402.719661
MOD0101,greenline,UCDSNM016737,NA,90,NA,10,NA,NA,NA,80,20,NA,1798,5,greenline,MOD0101 -Ash Creek,UCDSNM016737,19.4474911024,CA,180800010303,Modoc National Forest,3.33344035008,andesite,Riparian,1612592:1461647,0.32,12.5,1612592,SSURGO,Pyropatti,3563100,2365.53,53.5166,41.1450329412,-120.153163036,3985.59,0.0134275327574,975.807,0,2149.72,Riparian middle gradient,0,3315.04332,78701.5190732
MOD0102,greenline,UCDSNM016746,NA,100,NA,NA,NA,NA,NA,NA,100,NA,1687,5,greenline,MOD0102 -Ash Creek,UCDSNM016746,21.3363969354,CA,180200020203,Modoc National Forest,2.82945175447,andesite,Conifer,470431:664334,0.37,20,470431,SSURGO,Anatone family,9929700,1969.02,62.9667,41.1583608803,-120.262639561,5424.7,0.0116074025817,1774.6,0,1767.09,Riparian middle gradient,0,2947.32173662,86345.6803514
MOD0103,cross section,UCDSNM016769,NA,NA,NA,90,10,NA,NA,90,10,NA,1839,3,cross section,MOD0103 -Cottonwood Spring,UCDSNM016769,17.8051090802,CA,180200030506,Private,1.77866763443,andesite,Conifer,486890:694739,0.37,37.5,486890,SSURGO,DOSA,5675400,1249.59,4.62134,41.164263105,-121.665184879,4035.29,0.00114523034635,10230.7,0,3984.7,NA,36.0555,1692.5122512,72055.0082525
MOD0104,frequency,UCDSNM016813,NA,40,NA,60,NA,NA,NA,50,50,NA,1867,4,rooted frequency,MOD0104 -SWAGGER FLAT,UCDSNM016813,4.69735403174,CA,180200040301,Private,1.49329260569,alluvium,Riparian,487128:694974,0.24,12.5,487128,SSURGO,Odas,166500,921.177,4.32257,41.2201119522,-122.131506214,679.706,0.00635947386633,2220,425.793,679.559,NA,50,729.854462882,19009.5933699
MOD0105,cross section,UCDSNM017038,NA,100,NA,NA,NA,NA,NA,100,NA,NA,1601,5,cross section,MOD0105 -Wild Horser Creek,UCDSNM017038,289.138953742,CA,180102040401,Private,2.90692079368,andesite,Shrubland,470422:664318,0.37,50,470422,SSURGO,Aikman family,109803600,1431.89,9.11975,41.9627660391,-121.016656345,28675.8,0.000318029488279,0,0,1092.25,NA,28.2843,11146.8256308,1170108.51235
MOD0108,cross section,UCDSNM016987,NA,NA,NA,NA,NA,100,NA,50,50,NA,1417,2,cross section,MOD0108 -Boles Creek,UCDSNM016987,59.9277911858,CA,180102040302,Modoc National Forest,4.7200233813,andesite,Riparian,470455:664395,0.37,50,470455,SSURGO,Cardon family,172560600,1383.73,13.2745,41.799509789,-121.061046515,39611.7,0.000335115296627,201.246,0,13354.2,Riparian low gradient,10,8239.91969331,242520.13672
MOD0109,greenline,UCDSNM016974,NA,100,NA,NA,NA,NA,NA,70,30,NA,1380,5,greenline,MOD0109 -Mowitz Creek,UCDSNM016974,19.3575112788,CA,180200010304,Modoc National Forest,1.58353812805,andesite,Riparian,470587:664721,0.43,32,470587,SSURGO,Aquolls,1308600,1770.62,21.2596,41.7850666508,-120.250329814,1591.25,0.0133603226145,5032.54,0,0,NA,0,1571.1510722,78337.3821896
MOD0111,greenline,UCDSNM017014,NA,100,NA,NA,NA,NA,NA,30,70,NA,1362,5,greenline,MOD0111 -Lost River,UCDSNM017014,1.92830306686,CA,180102040103,Modoc National Forest,1.76557039227,andesite,Riparian,470520:664553,0.37,20,470520,SSURGO,Lawyer family,23488200,1545.09,0.868896,41.8892682318,-120.735196684,15228,5.70589892455e-05,2374.97,0,912.195,NA,10,552.888428787,7803.5968648
PLU0101,frequency,UCDSNM015319,NA,100,NA,NA,NA,NA,50,50,NA,NA,1153,5,rooted frequency,PLU0101 -Little Schneider meadow,UCDSNM015319,14.6104392679,CA,180201220801,Plumas National Forest,1.9023012888,peridotite,Conifer,660653:954128,0.24,15,660653,STATSGO,Hollowtree,4741200,1148.25,14.0074,39.9223474254,-121.045578921,5412.28,0.00258807987399,5734.46,0,4044.56,Riparian low gradient,44.7214,1639.74238483,59126.5864913
PLU0102,greenline,UCDSNM015319,NA,100,NA,NA,NA,NA,50,50,NA,NA,1153,5,greenline,PLU0102 -Little Schneider Creek,UCDSNM015319,14.6104392679,CA,180201220801,Plumas National Forest,1.9023012888,peridotite,Conifer,660653:954128,0.24,15,660653,STATSGO,Hollowtree,4741200,1148.25,14.0074,39.9223474254,-121.045578921,5412.28,0.00258807987399,5734.46,0,4044.56,Riparian low gradient,44.7214,1639.74238483,59126.5864913
PLU0103,frequency,UCDSNM015480,NA,100,NA,NA,NA,NA,NA,50,50,NA,1721,5,rooted frequency,PLU0103 -Stony Creek meadow,UCDSNM015480,24.2256940685,CA,180201220204,Plumas National Forest,2.65962624381,granodiorite,Conifer,471269:666503,0.32,25,471269,SSURGO,Shepan family,8726400,1724.12,30.5488,40.1114931544,-120.391723835,4798.6,0.00636619013879,3224.44,0,2684.96,Riparian middle gradient,0,2952.04805579,98038.2977809
PLU0104,greenline,UCDSNM015545,NA,100,NA,NA,NA,NA,20,60,20,NA,1740,5,greenline,PLU0104 -Cottonwood Creek,UCDSNM015545,19.2705235296,CA,180201220202,Plumas National Forest,1.40939170692,andesite,Conifer,471192:666181,0.28,5,471192,SSURGO,Goodlow family,167400,1738.67,9.16589,40.1487558001,-120.46065307,948.823,0.00966027892467,4198.87,0,0,Riparian low gradient,107.703,1395.2214667,77985.3538498
PLU0105,frequency,UCDSNM015545,NA,100,NA,NA,NA,NA,20,60,20,NA,1740,5,rooted frequency,PLU0105 -Cottonwood Creek meadow,UCDSNM015545,19.2705235296,CA,180201220202,Plumas National Forest,1.40939170692,andesite,Conifer,471192:666181,0.28,5,471192,SSURGO,Goodlow family,167400,1738.67,9.16589,40.1487558001,-120.46065307,948.823,0.00966027892467,4198.87,0,0,Riparian low gradient,107.703,1395.2214667,77985.3538498
PLU0106,frequency,UCDSNM015446,NA,NA,NA,NA,100,NA,NA,NA,100,NA,1710,8,rooted frequency,PLU0106 -Poison Creek meadow,UCDSNM015446,9.08109122771,CA,180201220206,Private,2.31379892969,granodiorite,Riparian,471118:665857,0.24,3,471118,SSURGO,Cagwin family,3364200,1698.94,12.576,40.0937816681,-120.524721492,3818.9,0.00329309831951,9640.13,0,1192.69,Riparian low gradient,63.2456,1572.38653491,36750.0193572
PLU0107,greenline,UCDSNM015446,NA,NA,NA,NA,100,NA,NA,NA,100,NA,1710,8,greenline,PLU0107 -Poison Creek,UCDSNM015446,9.08109122771,CA,180201220206,Private,2.31379892969,granodiorite,Riparian,471118:665857,0.24,3,471118,SSURGO,Cagwin family,3364200,1698.94,12.576,40.0937816681,-120.524721492,3818.9,0.00329309831951,9640.13,0,1192.69,Riparian low gradient,63.2456,1572.38653491,36750.0193572
PLU0108,greenline,UCDSNM015421,NA,100,NA,NA,NA,NA,NA,80,20,NA,1745,5,greenline,PLU0108 -Willow Creek,UCDSNM015421,5.6886671576,CA,180201220204,Private,1.85882604467,andesite,Conifer,471192:666181,0.28,5,471192,SSURGO,Goodlow family,168300,1739.71,4.17773,40.0764649227,-120.37145265,11266,0.000370825392796,7670,0,1683.45,Riparian middle gradient,31.6228,999.789799102,23021.3113068
PLU0109,frequency,UCDSNM015421,NA,100,NA,NA,NA,NA,NA,80,20,NA,1741,5,rooted frequency,PLU0109 -Willow Creek meadow,UCDSNM015421,5.6886671576,CA,180201220204,Private,1.85882604467,andesite,Conifer,471192:666181,0.28,5,471192,SSURGO,Goodlow family,168300,1739.71,4.17773,40.0764649227,-120.37145265,11266,0.000370825392796,7670,0,1683.45,Riparian middle gradient,31.6228,999.789799102,23021.3113068
PLU0110,greenline,UCDSNM015480,NA,100,NA,NA,NA,NA,NA,NA,100,NA,1719,5,greenline,PLU0110 -Willow Creek II,UCDSNM015480,24.2256940685,CA,180201220204,Plumas National Forest,2.65962624381,granodiorite,Conifer,471269:666503,0.32,25,471269,SSURGO,Shepan family,8726400,1724.12,30.5488,40.1114931544,-120.391723835,4798.6,0.00636619013879,3224.44,0,2684.96,Riparian middle gradient,0,2952.04805579,98038.2977809
SEQ0101,frequency,UCDSNM000155,NA,100,NA,NA,NA,NA,NA,90,10,NA,2553,5,rooted frequency,SEQ0101 -PALOMA,UCDSNM000155,10.9553594973,CA,180300010403,Sequoia National Forest,1.60096165559,granodiorite,Riparian,465178:642932,0.37,13,465178,SSURGO,Monache variant,2133900,2554.61,17.1594,36.0206926017,-118.32101229,1913.09,0.0089694869964,32385.8,1110.86,3971.9,Subsurface low gradient,20,1194.97540999,44334.9442808
SEQ0102,frequency,UCDSNM000170,NA,100,NA,NA,NA,NA,NA,100,NA,NA,2537,5,rooted frequency,SEQ0102 -BONITA,UCDSNM000170,42.7080086975,CA,180300010403,Sequoia National Forest,2.33183273744,granodiorite,Conifer,465178:642932,0.37,13,465178,SSURGO,Monache variant,4996800,2537.74,54.884,36.0379597402,-118.332101926,3127.65,0.017548021739,30004.7,82.4621,4981.38,Riparian low gradient,0,3436.50351087,172833.87062
SEQ0103,frequency,UCDSNM000157,NA,NA,NA,100,NA,NA,50,50,NA,NA,2582,3,rooted frequency,SEQ0103 -CURLISS,UCDSNM000157,13.2277353377,CA,180300020204,Sequoia National Forest,3.18947212009,granodiorite,Conifer,465215:643020,0.24,3,465215,SSURGO,Cagwin,1673100,2574.47,48.1526,36.0198667141,-118.336989103,1700.95,0.0283091723821,31912.7,0,3264.38,Subsurface high gradient,0,2615.93081525,53530.9598289
SEQ0104,frequency,UCDSNM000152,NA,100,NA,NA,NA,NA,NA,100,NA,NA,2564,5,rooted frequency,SEQ0104 -trout creek,UCDSNM000152,7.06550865511,CA,180300020204,Sequoia National Forest,1.98416407752,granodiorite,Riparian,465215:643020,0.24,3,465215,SSURGO,Cagwin,3065400,2560.75,21.0044,36.0185802677,-118.360977355,2330.07,0.00901448925805,31431.8,0,2883.68,Subsurface middle gradient,0,1189.36162946,28593.2134512
SEQ0105,greenline,UCDSNM000152,NA,100,NA,NA,NA,NA,NA,100,NA,NA,2564,5,greenline,SEQ0105 -Trout Creek,UCDSNM000152,7.06550865511,CA,180300020204,Sequoia National Forest,1.98416407752,granodiorite,Riparian,465215:643020,0.24,3,465215,SSURGO,Cagwin,3065400,2560.75,21.0044,36.0185802677,-118.360977355,2330.07,0.00901448925805,31431.8,0,2883.68,Subsurface middle gradient,0,1189.36162946,28593.2134512
SEQ0106,greenline,UCDSNM000218,NA,100,NA,NA,NA,NA,NA,100,NA,NA,2361,5,greenline,SEQ0106 -Fish Creek,UCDSNM000218,218.921504564,CA,180300020203,Sequoia National Forest,3.36508780725,granodiorite,Conifer,465178:642932,0.37,13,465178,SSURGO,Monache variant,61281900,2360.51,50.3765,36.0774470039,-118.244057758,15565.8,0.00323635375457,26820.1,0,8177.27,Riparian middle gradient,0,11228.0752992,885947.440531
SEQ0107,frequency,UCDSNM000334,NA,50,NA,50,NA,NA,10,90,NA,NA,2603,4,rooted frequency,SEQ0107 -OSA,UCDSNM000334,60.6413317322,CA,180300010404,Sequoia National Forest,2.52515740821,granodiorite,Conifer,465178:642932,0.37,13,465178,SSURGO,Monache variant,6584400,2589.3,35.9617,36.1808603758,-118.307254852,3791.91,0.00948379326414,16127.9,130.384,15875.4,Subsurface middle gradient,0,4434.42723266,245407.744413
SEQ0108,frequency,UCDSNM000297,NA,50,NA,50,NA,NA,60,40,NA,NA,2608,4,rooted frequency,SEQ0108 -COOPERSMITH,UCDSNM000297,9.8951535938,CA,180300010403,Sequoia National Forest,1.95053347194,granodiorite,Conifer,465211:643008,0.28,10,465211,SSURGO,Cannell,1307700,2594.45,18.4895,36.1632456378,-118.298639501,1630.66,0.0113386604197,18348.1,22.3607,15707.1,Subsurface middle gradient,0,1383.6598355,40044.4260492
SEQ0109,frequency,UCDSNM000281,NA,80,NA,20,NA,NA,NA,80,20,NA,2608,5,rooted frequency,SEQ0109 -GRANITE KNOB,UCDSNM000281,80.8769813508,CA,180300020203,Sequoia National Forest,1.95590185355,granodiorite,Riparian,465178:642932,0.37,13,465178,SSURGO,Monache variant,4706100,2516.93,41.0728,36.148887721,-118.233280046,3251.91,0.0126303618489,22689.7,0,10326.6,Subsurface low gradient,0,3966.6529031,327298.840598
SEQ0110,frequency,UCDSNM000285,NA,50,NA,50,NA,NA,NA,100,NA,NA,2496,4,rooted frequency,SEQ0110 -POWELL,UCDSNM000285,74.1356232114,CA,180300020203,Sequoia National Forest,1.78378016032,granodiorite,Conifer,465215:643020,0.24,3,465215,SSURGO,Cagwin,6903900,2489.89,45.7466,36.1540489285,-118.248502615,4931.03,0.00927729659562,21437.1,0,11482.7,Subsurface low gradient,0,3463.53432052,300017.42299
SEQ0111,frequency,UCDSNM000197,NA,90,NA,10,NA,NA,NA,100,NA,NA,2348,5,rooted frequency,SEQ0111 -LITTLE TROY,UCDSNM000197,34.7857154597,CA,180300020203,Sequoia National Forest,2.34672581662,granodiorite,Conifer,465213:643014,0.17,2.5,465213,SSURGO,Toem,6398100,2358.69,33.3572,36.058784729,-118.236830132,5364.7,0.00621790362261,30947,0,7349.91,Subsurface low gradient,0,3121.24270859,140773.359109
SEQ0112,frequency,UCDSNM000200,NA,100,NA,NA,NA,NA,NA,100,NA,NA,2247,5,rooted frequency,SEQ0112 -TROUT CREEK,UCDSNM000200,46.7315641209,CA,180300020203,Sequoia National Forest,1.76439492518,granodiorite,Conifer,465179:642934,0.37,13,465179,SSURGO,Monache variant,80569800,2261.27,36.4719,36.062292895,-118.21884192,17743.8,0.00205547868968,31458,0,8212.44,Riparian middle gradient,0,2719.9796561,189116.686857
SEQ0114,frequency,UCDSNM000426,NA,100,NA,NA,NA,NA,NA,50,50,NA,2392,5,rooted frequency,SEQ0114 -Beck Meadow,UCDSNM000426,4610.37439154,CA,180300020104,Inyo National Forest,9.64235811501,alluvium,Conifer,660551:952564,0.24,6.5,660551,STATSGO,Nupart,379343700,2405.08,160.137,36.1873856649,-118.169706108,52333.8,0.00305991305052,15562,0,660.681,Riparian low gradient,0,147644.084769,18657597.8464
SEQ0115,frequency,UCDSNM000426,NA,60,NA,40,NA,NA,10,80,10,NA,2393,4,rooted frequency,SEQ0115 -Snake Creek Meadow,UCDSNM000426,4610.37439154,CA,180300020104,Inyo National Forest,9.64235811501,alluvium,Conifer,660551:952564,0.24,6.5,660551,STATSGO,Nupart,379343700,2405.08,160.137,36.1873856649,-118.169706108,52333.8,0.00305991305052,15562,0,660.681,Riparian low gradient,0,147644.084769,18657597.8464
SEQ0116,frequency,UCDSNM000322,NA,50,NA,50,NA,NA,NA,100,NA,NA,2452,4,rooted frequency,SEQ0116 -Bull Meadow,UCDSNM000322,36.7626475091,CA,180300020104,Sequoia National Forest,2.05803788471,granodiorite,Riparian,465180:642936,0.32,13,465180,SSURGO,Monache,2106900,2458.31,36.6445,36.1754549898,-118.217040039,2587.65,0.0141613265493,21834.6,322.8,8066.26,Riparian low gradient,0,2813.98305265,148773.751271
STA0101,frequency,UCDSNM008595,NA,NA,NA,60,40,NA,NA,40,60,NA,1039,3,rooted frequency,STA0101 -ANDERSON FLAT,UCDSNM008595,23.7779921833,CA,180400080402,Stanislaus National Forest,2.08745804805,granodiorite,Hardwood,465004:642590,0.32,18.5,465004,SSURGO,"Holland family, deep",23237100,1034.3,33.7988,37.7388317142,-119.911799113,8091.68,0.00417697972387,17397.1,0,2772.45,Riparian middle gradient,0,2295.46178177,96226.5052843
STA0102,frequency,UCDSNM011600,NA,50,NA,50,NA,NA,NA,100,NA,NA,2389,3,rooted frequency,STA0102 -KENNEDY LAKE,UCDSNM011600,206.489844143,CA,180400100202,Stanislaus National Forest,2.84195803131,granodiorite,Riparian,464983:642549,0.17,3,464983,SSURGO,"Entic Cryumbrepts, deep",23835600,2390.37,85.3281,38.2673676255,-119.666343978,8577.2,0.00994825231326,0,0,2449.02,Riparian middle gradient,0,9209.40791825,835638.094479
STA0103,frequency,UCDSNM011600,NA,NA,NA,100,NA,NA,NA,100,NA,NA,2424,3,rooted frequency,STA0103 -NIGHTCAP,UCDSNM011600,206.489844143,CA,180400100202,Stanislaus National Forest,2.84195803131,granodiorite,Riparian,464983:642549,0.17,3,464983,SSURGO,"Entic Cryumbrepts, deep",23835600,2390.37,85.3281,38.2673676255,-119.666343978,8577.2,0.00994825231326,0,0,2449.02,Riparian middle gradient,0,9209.40791825,835638.094479
STA0104,frequency,UCDSNM009725,NA,NA,NA,60,40,NA,NA,50,50,NA,1251,3,rooted frequency,STA0104 -Indian Springs,UCDSNM009725,2.99249474955,CA,180400090804,Stanislaus National Forest,1.22379609847,argillite,Conifer,465029:642644,0.37,22.5,465029,SSURGO,"Josephine family, deep",291600,1242.27,22.2979,37.9154457562,-120.086408733,1059.41,0.021047449951,11524.1,100,100,Dry,67.082,477.408825884,12110.2450371
STA0105,frequency,UCDSNM010134,NA,80,NA,20,NA,NA,NA,80,20,NA,1371,5,rooted frequency,STA0105 -Thompson Meadow,UCDSNM010134,15.1187330881,CA,180400090803,Stanislaus National Forest,1.5782663046,granodiorite,Conifer,465002:642588,0.32,18.5,465002,SSURGO,"Holland family, deep",684900,1369.73,30.2289,37.994381026,-120.094696798,2006.1,0.0150684760795,7579.29,20,813.204,Riparian middle gradient,0,1383.89322817,61183.5868301
STA0106,frequency,UCDSNM010206,NA,NA,NA,100,NA,NA,NA,100,NA,NA,1556,3,rooted frequency,STA0106 -Wolfin Meadow,UCDSNM010206,7.37259678992,CA,180400090802,Stanislaus National Forest,1.45780850209,granodiorite,Shrubland,464985:642554,0.37,18.5,464985,SSURGO,"Holland, sandy subsoil family",188100,1553.05,34.2583,38.0080147632,-120.030919682,701.543,0.048832766274,7035.35,80,1421.27,Subsurface middle gradient,40,892.638084805,29835.9600128
STA0107,frequency,UCDSNM010095,NA,NA,NA,100,NA,NA,NA,100,NA,NA,1716,3,rooted frequency,STA0107 -Boggy Meadow,UCDSNM010095,5.85465582539,CA,180400091001,Stanislaus National Forest,1.47185792844,granodiorite,Riparian,465071:642733,0.37,20,465071,SSURGO,Wintoner family,286200,1713.83,13.8145,37.9898022902,-119.962382042,1043.97,0.0132326599423,3983.63,793.095,632.456,NA,0,803.12144395,23693.0463
STA0108,frequency,UCDSNM011455,20,NA,NA,80,NA,NA,20,80,NA,NA,2685,1,rooted frequency,STA0108 -Upper Relief Valley,UCDSNM011455,78.00646282,CA,180400100201,Stanislaus National Forest,2.94524530628,granodiorite,Conifer,464983:642549,0.17,3,464983,SSURGO,"Entic Cryumbrepts, deep",2526300,2682.74,33.5591,38.2222390296,-119.778073044,2675.51,0.0125430478032,0,0,3302.15,Riparian low gradient,0,5866.12681471,315682.217779
STA0109,frequency,UCDSNM011447,NA,NA,NA,100,NA,NA,10,90,NA,NA,2630,3,rooted frequency,STA0109 -Hay Meadow,UCDSNM011447,49.8283186234,CA,180400100501,Stanislaus National Forest,1.85424944447,granodiorite,Conifer,465039:642666,0.32,12,465039,SSURGO,Lithic Cryumbrepts,1448100,2633.97,31.0859,38.223124471,-119.819394959,1955.51,0.0158965447941,2717.08,0,6750.19,Riparian low gradient,0,2951.69155913,201648.857833
STA0110,frequency,UCDSNM010395,NA,50,NA,50,NA,NA,NA,50,50,NA,1613,4,rooted frequency,STA0110 -Fahey Meadow,UCDSNM010395,22.9154413696,CA,180400090803,Private,1.92825425113,andesite,Conifer,465009:642600,0.37,22.5,465009,SSURGO,"Holland family, deep",1235700,1609.18,27.4559,38.0409136503,-120.112293022,1648.23,0.0166577682538,3835.75,0,0,NA,0,2081.57996397,92735.8720218
STA0111,frequency,UCDSNM010679,NA,40,NA,60,NA,NA,NA,100,NA,NA,1544,4,rooted frequency,STA0111 -Sam Williams Spring,UCDSNM010679,2.62383986779,CA,180400090901,Stanislaus National Forest,1.34076209667,granodiorite,Conifer,465002:642588,0.32,18.5,465002,SSURGO,"Holland family, deep",187200,1549.44,28.4569,38.0877803588,-120.103608634,756.396,0.0376216905402,3521.39,528.394,0,Discharge slope,31.6228,489.762107371,10618.3456937
STA0112,frequency,UCDSNM010404,NA,NA,NA,100,NA,NA,NA,100,NA,NA,1584,3,rooted frequency,STA0112 -Lower Milk Ranch Spring,UCDSNM010404,1.76567255171,CA,180400090803,Stanislaus National Forest,1.26914052683,granodiorite,Conifer,465071:642733,0.37,20,465071,SSURGO,Wintoner family,108900,1587.78,11.3766,38.0453133006,-120.067434732,639.411,0.0177923036393,1958.8,140.357,452.769,Discharge slope,0,380.302700022,7145.45188754
TAH0101,frequency,UCDSNM014934,NA,NA,NA,100,NA,NA,40,60,NA,NA,2113,3,rooted frequency,TAH0101 -Howard Creek,UCDSNM014934,69.2798715887,CA,180201250202,Private,1.90171363274,intermediate volcanic rock,Conifer,660629:953719,0.2,11.5,660629,STATSGO,Waca,3105000,2112.58,32.5071,39.6700455637,-120.592842765,3646.17,0.00891540008787,483.735,0,1758.89,Riparian low gradient,0,3569.54931879,280366.814748
TAH0102,greenline,UCDSNM014857,NA,90,NA,10,NA,NA,NA,50,50,NA,1962,5,greenline,TAH0102 -Bear Valley Creek,UCDSNM014857,185.824699361,CA,180201230202,Tahoe National Forest,3.15346220438,andesite,Conifer,660569:952783,0.24,14,660569,STATSGO,Kyburz,13044600,1968.6,101.916,39.5639067081,-120.222716465,5742.27,0.0177483662834,6072.89,0,0,Riparian middle gradient,0,9694.0231012,752008.886081
TAH0104,greenline,UCDSNM014857,NA,100,NA,NA,NA,NA,NA,100,NA,NA,1936,5,greenline,TAH0104 -Bear Valley Creek II,UCDSNM014857,185.824699361,CA,180201230202,Tahoe National Forest,3.15346220438,andesite,Conifer,660569:952783,0.24,14,660569,STATSGO,Kyburz,13044600,1968.6,101.916,39.5639067081,-120.222716465,5742.27,0.0177483662834,6072.89,0,0,Riparian middle gradient,0,9694.0231012,752008.886081
TAH0106,frequency,UCDSNM014966,NA,60,NA,40,NA,NA,NA,80,20,NA,1509,4,rooted frequency,TAH0106 -Knuthson Meadow (McPherrin Camp),UCDSNM014966,247.163951249,CA,180201230307,Tahoe National Forest,2.26109529771,alluvium,Riparian,660742:955190,0,15,660742,STATSGO,Dotta,37607400,1510.14,32.5151,39.6969038564,-120.445817712,12358.8,0.00263092056449,2772.18,0,0,Riparian low gradient,0,8016.34015381,1000241.02446
TAH0107,greenline,UCDSNM014966,NA,60,NA,40,NA,NA,NA,80,20,NA,1512,4,greenline,TAH0107 -CARMEN VALLEY,UCDSNM014966,247.163951249,CA,180201230307,Tahoe National Forest,2.26109529771,alluvium,Riparian,660742:955190,0,15,660742,STATSGO,Dotta,37607400,1510.14,32.5151,39.6969038564,-120.445817712,12358.8,0.00263092056449,2772.18,0,0,Riparian low gradient,0,8016.34015381,1000241.02446
TAH0110,greenline,UCDSNM014852,NA,100,NA,NA,NA,NA,10,90,NA,NA,1893,5,greenline,TAH0110 -Smithneck Creek,UCDSNM014852,117.469775339,CA,180201230201,Private,3.29437868986,andesite,Conifer,660569:952783,0.24,14,660569,STATSGO,Kyburz,25301700,1906.27,67.6879,39.5607440904,-120.151361527,8528.01,0.00793712997656,5970.13,0,40,Riparian low gradient,0,8051.95421598,475385.216309
TAH0112,Cross Section,UCDSNM014840,NA,100,NA,NA,NA,NA,NA,50,50,NA,2222,5,Cross Section,TAH0112 -Trosi Meadow,UCDSNM014840,58.1212494524,CA,180201230201,Tahoe National Forest,1.94728328838,andesite,Shrubland,660569:952783,0.24,14,660569,STATSGO,Kyburz,1977300,2227.08,46.9143,39.5497794418,-120.197671417,2161.25,0.0217070314434,6312.92,194.165,218.403,Subsurface low gradient,0,3347.81389484,235209.292461
TAH0113,Cross Section,UCDSNM014835,NA,60,NA,40,NA,NA,NA,50,50,NA,1857,4,Cross Section,TAH0113 -Sardine Valley,UCDSNM014835,1317.03689137,CA,160501020105,Private,4.01058973113,andesite,Shrubland,660560:952650,0.28,15,660560,STATSGO,Martis,66147300,1857.91,205.644,39.5182622238,-120.137289308,16423.8,0.0125211203031,20,1745.68,0,Riparian low gradient,0,32822.5192963,5329880.52186
TAH0114,frequency,UCDSNM014694,NA,60,NA,40,NA,NA,NA,70,30,NA,1762,4,rooted frequency,TAH0114 -SHEEP CAMP,UCDSNM014694,53.9418344876,CA,160501020107,Tahoe National Forest,3.38371916077,alluvium,Conifer,660567:952758,0.24,15,660567,STATSGO,Tahoma,5495400,1761.83,15.3003,39.4438227552,-120.151964292,4758.31,0.00321549307674,1478.01,11428.9,1568.95,Riparian low gradient,0,5604.30630439,218295.732514
TAH0115,frequency,UCDSNM014834,NA,10,NA,90,NA,NA,NA,100,NA,NA,1866,4,rooted frequency,TAH0115 -COTTONWOOD MEADOW,UCDSNM014834,28.9303548451,CA,180201230301,Tahoe National Forest,2.59911304421,andesite,Conifer,660567:952758,0.24,15,660567,STATSGO,Tahoma,10293300,1869.05,37.4232,39.5380785241,-120.270947515,5666.83,0.00660390027375,4493.31,0,2636.44,Riparian low gradient,82.4621,3152.58470515,117077.460616
TAH0122,frequency,UCDSNM014236,NA,50,NA,50,NA,NA,NA,100,NA,NA,2210,4,rooted frequency,TAH0122 -BARKER MEADOW EAST,UCDSNM014236,19.0607461325,CA,180201280203,Private,3.39188709789,andesite,Riparian,464807:642217,0.2,6,464807,SSURGO,Tallac,3862800,2211.4,21.8943,39.0674560836,-120.246184281,2782.2,0.00786940574113,1350.7,0,5001.57,Riparian low gradient,0,3339.45828976,77136.4114475
TAH0123,frequency,UCDSNM014209,NA,NA,NA,NA,NA,100,50,50,NA,NA,2193,2,rooted frequency,TAH0123 -BARKER MEADOW WEST,UCDSNM014209,7.35324279437,CA,180201280203,Tahoe National Forest,2.81222866256,glacial drift,Conifer,660563:952708,0.2,6,660563,STATSGO,Tallac,76500,2222.11,86.7322,39.059060156,-120.249190358,621.838,0.139477252582,912.195,10,4400.92,NA,0,1719.70824871,29757.6368583
