system:index,image_date,mean,median,source,std,variance,.geo
1_1_19840305,447292800000,{NDWI=null},{NDWI=null},LANDSAT/LT5_L1T_32DAY_NDWI/19840305,{NDWI=null},{NDWI=null},
1_1_19840406,450057600000,{NDWI=0.21932583773935144},{NDWI=0.21921555697917938},LANDSAT/LT5_L1T_32DAY_NDWI/19840406,{NDWI=9.696310417139736E-4},{NDWI=9.401843570553256E-7},
1_1_19840508,452822400000,{NDWI=0.06277946333133204},{NDWI=-0.011773160804295912},LANDSAT/LT5_L1T_32DAY_NDWI/19840508,{NDWI=0.24313501931580941},{NDWI=0.05911463761769902},
1_1_19840609,455587200000,{NDWI=0.11597046485331897},{NDWI=0.09791020816192031},LANDSAT/LT5_L1T_32DAY_NDWI/19840609,{NDWI=0.16926986969067725},{NDWI=0.028652288785098855},
1_1_19840711,458352000000,{NDWI=null},{NDWI=null},LANDSAT/LT5_L1T_32DAY_NDWI/19840711,{NDWI=null},{NDWI=null},
1_1_19840812,461116800000,{NDWI=null},{NDWI=null},LANDSAT/LT5_L1T_32DAY_NDWI/19840812,{NDWI=null},{NDWI=null},
1_1_19840913,463881600000,{NDWI=-0.019442495640920356},{NDWI=-0.02538637343352124},LANDSAT/LT5_L1T_32DAY_NDWI/19840913,{NDWI=0.07627058527045437},{NDWI=0.005817202177497652},
1_1_19841015,466646400000,{NDWI=0.7712291861991827},{NDWI=0.7730216367603981},LANDSAT/LT5_L1T_32DAY_NDWI/19841015,{NDWI=0.020339579523163225},{NDWI=4.136984951790807E-4},
1_1_19841116,469411200000,{NDWI=null},{NDWI=null},LANDSAT/LT5_L1T_32DAY_NDWI/19841116,{NDWI=null},{NDWI=null},
1_1_19841218,472176000000,{NDWI=null},{NDWI=null},LANDSAT/LT5_L1T_32DAY_NDWI/19841218,{NDWI=null},{NDWI=null},
1_1_19850101,473385600000,{NDWI=0.9049804669653599},{NDWI=0.9113480813211674},LANDSAT/LT5_L1T_32DAY_NDWI/19850101,{NDWI=0.026855378001183088},{NDWI=7.212113275864285E-4},
1_1_19850202,476150400000,{NDWI=null},{NDWI=null},LANDSAT/LT5_L1T_32DAY_NDWI/19850202,{NDWI=null},{NDWI=null},
1_1_19850306,478915200000,{NDWI=null},{NDWI=null},LANDSAT/LT5_L1T_32DAY_NDWI/19850306,{NDWI=null},{NDWI=null},
1_1_19850407,481680000000,{NDWI=null},{NDWI=null},LANDSAT/LT5_L1T_32DAY_NDWI/19850407,{NDWI=null},{NDWI=null},
1_1_19850509,484444800000,{NDWI=0.06814986448560362},{NDWI=-0.05097817369934284},LANDSAT/LT5_L1T_32DAY_NDWI/19850509,{NDWI=0.30699854608546373},{NDWI=0.09424810729858861},
1_1_19850610,487209600000,{NDWI=0.06669690801231853},{NDWI=0.05703855102712458},LANDSAT/LT5_L1T_32DAY_NDWI/19850610,{NDWI=0.1437190798572833},{NDWI=0.020655173915024173},
1_1_19850712,489974400000,{NDWI=0.09292610327993281},{NDWI=0.08748593717813492},LANDSAT/LT5_L1T_32DAY_NDWI/19850712,{NDWI=0.11719729596788428},{NDWI=0.013735206182183865},
1_1_19850813,492739200000,{NDWI=0.06846911726627494},{NDWI=0.06434016937718672},LANDSAT/LT5_L1T_32DAY_NDWI/19850813,{NDWI=0.10276726917674521},{NDWI=0.010561111614045606},
1_1_19850914,495504000000,{NDWI=-0.12014996094037894},{NDWI=-0.13183712275301823},LANDSAT/LT5_L1T_32DAY_NDWI/19850914,{NDWI=0.0613789543930544},{NDWI=0.0037673760423846524},
1_1_19851016,498268800000,{NDWI=0.521357335529332},{NDWI=0.5183669262462192},LANDSAT/LT5_L1T_32DAY_NDWI/19851016,{NDWI=0.034946814426791824},{NDWI=0.001221279838580625},
1_1_19851117,501033600000,{NDWI=0.3331889337887386},{NDWI=0.31534381423677715},LANDSAT/LT5_L1T_32DAY_NDWI/19851117,{NDWI=0.0879804076608053},{NDWI=0.007740552132161486},
1_1_19851219,503798400000,{NDWI=0.5874995325059573},{NDWI=0.588211699768349},LANDSAT/LT5_L1T_32DAY_NDWI/19851219,{NDWI=0.018628906311363325},{NDWI=3.470361503575523E-4},
1_1_19860101,504921600000,{NDWI=0.8360690878678675},{NDWI=0.8392750535692487},LANDSAT/LT5_L1T_32DAY_NDWI/19860101,{NDWI=0.022439109545344244},{NDWI=5.035136371879591E-4},
1_1_19860202,507686400000,{NDWI=0.9410104132795054},{NDWI=0.9422246744608309},LANDSAT/LT5_L1T_32DAY_NDWI/19860202,{NDWI=0.018724670590527157},{NDWI=3.506132887237526E-4},
1_1_19860306,510451200000,{NDWI=0.7502200695633189},{NDWI=0.7793548057476679},LANDSAT/LT5_L1T_32DAY_NDWI/19860306,{NDWI=0.14786029540236972},{NDWI=0.021862666956476033},
1_1_19860407,513216000000,{NDWI=0.9013607301357441},{NDWI=0.9190746799111367},LANDSAT/LT5_L1T_32DAY_NDWI/19860407,{NDWI=0.04606740886165324},{NDWI=0.0021222061592267275},
1_1_19860509,515980800000,{NDWI=0.015207867858916585},{NDWI=0.0037596144811378523},LANDSAT/LT5_L1T_32DAY_NDWI/19860509,{NDWI=0.18344711613504694},{NDWI=0.0336528444182654},
1_1_19860610,518745600000,{NDWI=0.15515634422585753},{NDWI=0.13444200859350317},LANDSAT/LT5_L1T_32DAY_NDWI/19860610,{NDWI=0.15537429925229526},{NDWI=0.024141172868141804},
1_1_19860712,521510400000,{NDWI=0.1321178551360356},{NDWI=0.12317708737793423},LANDSAT/LT5_L1T_32DAY_NDWI/19860712,{NDWI=0.12485379462585197},{NDWI=0.015588470032474423},
1_1_19860813,524275200000,{NDWI=-0.0020354539497456654},{NDWI=-0.009765761650421402},LANDSAT/LT5_L1T_32DAY_NDWI/19860813,{NDWI=0.0791705007772985},{NDWI=0.006267968193328221},
1_1_19860914,527040000000,{NDWI=-0.00863595673051551},{NDWI=-0.0348291679325959},LANDSAT/LT5_L1T_32DAY_NDWI/19860914,{NDWI=0.1091978915231037},{NDWI=0.011924179513091524},
1_1_19861016,529804800000,{NDWI=-0.0581994661365063},{NDWI=-0.07965193106792867},LANDSAT/LT5_L1T_32DAY_NDWI/19861016,{NDWI=0.09297383271975938},{NDWI=0.0086441335706018},
1_1_19861117,532569600000,{NDWI=0.7610561345100636},{NDWI=0.7764364010409305},LANDSAT/LT5_L1T_32DAY_NDWI/19861117,{NDWI=0.054962172759794155},{NDWI=0.0030208404344774587},
1_1_19861219,535334400000,{NDWI=0.800875266849878},{NDWI=0.799597468487052},LANDSAT/LT5_L1T_32DAY_NDWI/19861219,{NDWI=0.02989409970226999},{NDWI=8.936571970092586E-4},
1_1_19870101,536457600000,{NDWI=0.800875266849878},{NDWI=0.799597468487052},LANDSAT/LT5_L1T_32DAY_NDWI/19870101,{NDWI=0.02989409970226999},{NDWI=8.936571970092586E-4},
1_1_19870202,539222400000,{NDWI=0.7767513902919866},{NDWI=0.7774409118451571},LANDSAT/LT5_L1T_32DAY_NDWI/19870202,{NDWI=0.02672064535143001},{NDWI=7.139928879968983E-4},
1_1_19870306,541987200000,{NDWI=0.9419552644171594},{NDWI=0.9463699968994087},LANDSAT/LT5_L1T_32DAY_NDWI/19870306,{NDWI=0.01967757497131281},{NDWI=3.872069567516364E-4},
1_1_19870407,544752000000,{NDWI=0.10216202264930278},{NDWI=-0.019354774974859677},LANDSAT/LT5_L1T_32DAY_NDWI/19870407,{NDWI=0.33362780744017484},{NDWI=0.11130751389733838},
1_1_19870509,547516800000,{NDWI=0.06736470033766813},{NDWI=0.05639436721269574},LANDSAT/LT5_L1T_32DAY_NDWI/19870509,{NDWI=0.10717999572271796},{NDWI=0.011487551483121838},
1_1_19870610,550281600000,{NDWI=0.14619070276980065},{NDWI=0.1300150521776893},LANDSAT/LT5_L1T_32DAY_NDWI/19870610,{NDWI=0.10687052088431646},{NDWI=0.011421308234085123},
1_1_19870712,553046400000,{NDWI=0.031844091791585094},{NDWI=0.02124011124435224},LANDSAT/LT5_L1T_32DAY_NDWI/19870712,{NDWI=0.09113187255720842},{NDWI=0.008305018195783278},
1_1_19870813,555811200000,{NDWI=-0.01737783686587346},{NDWI=-0.021284244092250312},LANDSAT/LT5_L1T_32DAY_NDWI/19870813,{NDWI=0.06810541813978989},{NDWI=0.004638347979995621},
1_1_19870914,558576000000,{NDWI=-0.08450842361490915},{NDWI=-0.08864163681864738},LANDSAT/LT5_L1T_32DAY_NDWI/19870914,{NDWI=0.05148872460244688},{NDWI=0.0026510887611866183},
1_1_19871016,561340800000,{NDWI=null},{NDWI=null},LANDSAT/LT5_L1T_32DAY_NDWI/19871016,{NDWI=null},{NDWI=null},
1_1_19871117,564105600000,{NDWI=null},{NDWI=null},LANDSAT/LT5_L1T_32DAY_NDWI/19871117,{NDWI=null},{NDWI=null},
1_1_19871219,566870400000,{NDWI=null},{NDWI=null},LANDSAT/LT5_L1T_32DAY_NDWI/19871219,{NDWI=null},{NDWI=null},
1_1_19880101,567993600000,{NDWI=null},{NDWI=null},LANDSAT/LT5_L1T_32DAY_NDWI/19880101,{NDWI=null},{NDWI=null},
1_1_19880202,570758400000,{NDWI=null},{NDWI=null},LANDSAT/LT5_L1T_32DAY_NDWI/19880202,{NDWI=null},{NDWI=null},
1_1_19880305,573523200000,{NDWI=0.8935334477755889},{NDWI=0.9237932238248315},LANDSAT/LT5_L1T_32DAY_NDWI/19880305,{NDWI=0.08795279262832792},{NDWI=0.007735693731121653},
1_1_19880406,576288000000,{NDWI=null},{NDWI=null},LANDSAT/LT5_L1T_32DAY_NDWI/19880406,{NDWI=null},{NDWI=null},
1_1_19880508,579052800000,{NDWI=0.04585757334862066},{NDWI=0.032086719704024935},LANDSAT/LT5_L1T_32DAY_NDWI/19880508,{NDWI=0.09085099407311616},{NDWI=0.008253903124073387},
1_1_19880609,581817600000,{NDWI=0.13622097762858168},{NDWI=0.11558102267353158},LANDSAT/LT5_L1T_32DAY_NDWI/19880609,{NDWI=0.11191686135593695},{NDWI=0.012525383855764015},
1_1_19880711,584582400000,{NDWI=0.11649564752781695},{NDWI=0.11241539357564388},LANDSAT/LT5_L1T_32DAY_NDWI/19880711,{NDWI=0.04574831201516335},{NDWI=0.0020929080522367393},
1_1_19880812,587347200000,{NDWI=-0.042129532885068426},{NDWI=-0.045799918472766876},LANDSAT/LT5_L1T_32DAY_NDWI/19880812,{NDWI=0.0622287570530743},{NDWI=0.0038724182043705442},
1_1_19880913,590112000000,{NDWI=0.10615641234803457},{NDWI=0.10920332904372897},LANDSAT/LT5_L1T_32DAY_NDWI/19880913,{NDWI=0.026409716994254838},{NDWI=6.974731517166328E-4},
1_1_19881015,592876800000,{NDWI=0.7073635332825833},{NDWI=0.7157646433727162},LANDSAT/LT5_L1T_32DAY_NDWI/19881015,{NDWI=0.04885562184098214},{NDWI=0.0023868717854690514},
1_1_19881116,595641600000,{NDWI=0.8646318244724125},{NDWI=0.8820454566567032},LANDSAT/LT5_L1T_32DAY_NDWI/19881116,{NDWI=0.048819600140652036},{NDWI=0.002383353357893152},
1_1_19881218,598406400000,{NDWI=0.8071200235832461},{NDWI=0.807348448921133},LANDSAT/LT5_L1T_32DAY_NDWI/19881218,{NDWI=0.03124474285681555},{NDWI=9.762339561885263E-4},
1_1_19890101,599616000000,{NDWI=0.8071200235832461},{NDWI=0.807348448921133},LANDSAT/LT5_L1T_32DAY_NDWI/19890101,{NDWI=0.03124474285681555},{NDWI=9.762339561885263E-4},
1_1_19890202,602380800000,{NDWI=0.28037183209087285},{NDWI=0.25717410693566006},LANDSAT/LT5_L1T_32DAY_NDWI/19890202,{NDWI=0.08717652995167528},{NDWI=0.007599747374415339},
1_1_19890306,605145600000,{NDWI=0.9572867101419229},{NDWI=0.9599055930300876},LANDSAT/LT5_L1T_32DAY_NDWI/19890306,{NDWI=0.020922354305340254},{NDWI=4.377449096781899E-4},
1_1_19890407,607910400000,{NDWI=0.9172475748274425},{NDWI=0.9209663087784932},LANDSAT/LT5_L1T_32DAY_NDWI/19890407,{NDWI=0.020294046808869388},{NDWI=4.1184833588058184E-4},
1_1_19890509,610675200000,{NDWI=-0.05545003584254266},{NDWI=-0.10459509138017893},LANDSAT/LT5_L1T_32DAY_NDWI/19890509,{NDWI=0.20291532649306734},{NDWI=0.041174629725788114},
1_1_19890610,613440000000,{NDWI=0.04151527361921949},{NDWI=0.025184562573066123},LANDSAT/LT5_L1T_32DAY_NDWI/19890610,{NDWI=0.1781204446896866},{NDWI=0.031726892816451704},
1_1_19890712,616204800000,{NDWI=0.13909421927246957},{NDWI=0.12882146026406968},LANDSAT/LT5_L1T_32DAY_NDWI/19890712,{NDWI=0.13329175178630123},{NDWI=0.01776669109426094},
1_1_19890813,618969600000,{NDWI=0.042245996734476675},{NDWI=0.029173100124234738},LANDSAT/LT5_L1T_32DAY_NDWI/19890813,{NDWI=0.10074787293819125},{NDWI=0.010150133901569929},
1_1_19890914,621734400000,{NDWI=0.030975211502672923},{NDWI=0.025488059566571162},LANDSAT/LT5_L1T_32DAY_NDWI/19890914,{NDWI=0.0572645097696468},{NDWI=0.003279224079157974},
1_1_19891016,624499200000,{NDWI=-0.029795751995145267},{NDWI=-0.040883538102911364},LANDSAT/LT5_L1T_32DAY_NDWI/19891016,{NDWI=0.07145866863620189},{NDWI=0.005106341323258504},
1_1_19891117,627264000000,{NDWI=0.8495340128584151},{NDWI=0.8485934282171315},LANDSAT/LT5_L1T_32DAY_NDWI/19891117,{NDWI=0.02132572832769125},{NDWI=4.5478668870649314E-4},
1_1_19891219,630028800000,{NDWI=0.585508806073269},{NDWI=0.5863382371075182},LANDSAT/LT5_L1T_32DAY_NDWI/19891219,{NDWI=0.01672954246591229},{NDWI=2.7987759111876276E-4},
1_1_19900101,631152000000,{NDWI=0.585508806073269},{NDWI=0.5863382371075182},LANDSAT/LT5_L1T_32DAY_NDWI/19900101,{NDWI=0.01672954246591229},{NDWI=2.7987759111876276E-4},
1_1_19900202,633916800000,{NDWI=0.7773856556812144},{NDWI=0.7739333521861297},LANDSAT/LT5_L1T_32DAY_NDWI/19900202,{NDWI=0.021730776120297564},{NDWI=4.722266307904948E-4},
1_1_19900306,636681600000,{NDWI=0.9520791088706593},{NDWI=0.9538144956385424},LANDSAT/LT5_L1T_32DAY_NDWI/19900306,{NDWI=0.023459555556710577},{NDWI=5.503507469183901E-4},
1_1_19900407,639446400000,{NDWI=0.5563445231583837},{NDWI=0.5778464257717133},LANDSAT/LT5_L1T_32DAY_NDWI/19900407,{NDWI=0.18226290619999777},{NDWI=0.03321976697646919},
1_1_19900509,642211200000,{NDWI=-0.055142195006593724},{NDWI=-0.08968445871557508},LANDSAT/LT5_L1T_32DAY_NDWI/19900509,{NDWI=0.1606266424031438},{NDWI=0.025800918249707434},
1_1_19900610,644976000000,{NDWI=0.12454544987917114},{NDWI=0.10759192165629618},LANDSAT/LT5_L1T_32DAY_NDWI/19900610,{NDWI=0.13524901885741902},{NDWI=0.01829229710189449},
1_1_19900712,647740800000,{NDWI=null},{NDWI=null},LANDSAT/LT5_L1T_32DAY_NDWI/19900712,{NDWI=null},{NDWI=null},
1_1_19900813,650505600000,{NDWI=-0.0025809225137494287},{NDWI=-0.006711107352748514},LANDSAT/LT5_L1T_32DAY_NDWI/19900813,{NDWI=0.07041836884567272},{NDWI=0.004958746670885211},
1_1_19900914,653270400000,{NDWI=-0.07449107727990668},{NDWI=-0.07981271942456564},LANDSAT/LT5_L1T_32DAY_NDWI/19900914,{NDWI=0.06010768980206784},{NDWI=0.0036129343733416106},
1_1_19901016,656035200000,{NDWI=0.21966253445026285},{NDWI=0.1585764426738024},LANDSAT/LT5_L1T_32DAY_NDWI/19901016,{NDWI=0.14131121349911785},{NDWI=0.019968859060593265},
1_1_19901117,658800000000,{NDWI=null},{NDWI=null},LANDSAT/LT5_L1T_32DAY_NDWI/19901117,{NDWI=null},{NDWI=null},
1_1_19901219,661564800000,{NDWI=null},{NDWI=null},LANDSAT/LT5_L1T_32DAY_NDWI/19901219,{NDWI=null},{NDWI=null},
1_1_19910101,662688000000,{NDWI=null},{NDWI=null},LANDSAT/LT5_L1T_32DAY_NDWI/19910101,{NDWI=null},{NDWI=null},
1_1_19910202,665452800000,{NDWI=null},{NDWI=null},LANDSAT/LT5_L1T_32DAY_NDWI/19910202,{NDWI=null},{NDWI=null},
1_1_19910306,668217600000,{NDWI=null},{NDWI=null},LANDSAT/LT5_L1T_32DAY_NDWI/19910306,{NDWI=null},{NDWI=null},
1_1_19910407,670982400000,{NDWI=0.9436701709393652},{NDWI=0.9496860725156376},LANDSAT/LT5_L1T_32DAY_NDWI/19910407,{NDWI=0.02659837092364846},{NDWI=7.074733357919878E-4},
1_1_19910509,673747200000,{NDWI=0.10222805213259654},{NDWI=0.003712781132586921},LANDSAT/LT5_L1T_32DAY_NDWI/19910509,{NDWI=0.27950744717583154},{NDWI=0.07812441302675026},
1_1_19910610,676512000000,{NDWI=0.08142749696640952},{NDWI=0.06656659235719775},LANDSAT/LT5_L1T_32DAY_NDWI/19910610,{NDWI=0.1399028505933313},{NDWI=0.01957280760413998},
1_1_19910712,679276800000,{NDWI=0.19164508258547533},{NDWI=0.18208771502530133},LANDSAT/LT5_L1T_32DAY_NDWI/19910712,{NDWI=0.08816381378096581},{NDWI=0.007772858060404818},
1_1_19910813,682041600000,{NDWI=0.24889649505455433},{NDWI=0.24823619746694378},LANDSAT/LT5_L1T_32DAY_NDWI/19910813,{NDWI=0.015528281325329338},{NDWI=2.4112752091857184E-4},
1_1_19910914,684806400000,{NDWI=-0.05348349773147356},{NDWI=-0.06044721298597076},LANDSAT/LT5_L1T_32DAY_NDWI/19910914,{NDWI=0.06605193723689677},{NDWI=0.004362858412746951},
1_1_19911016,687571200000,{NDWI=0.11544222822171361},{NDWI=0.12022244511172175},LANDSAT/LT5_L1T_32DAY_NDWI/19911016,{NDWI=0.04710563727000821},{NDWI=0.0022189410626135865},
1_1_19911117,690336000000,{NDWI=null},{NDWI=null},LANDSAT/LT5_L1T_32DAY_NDWI/19911117,{NDWI=null},{NDWI=null},
1_1_19911219,693100800000,{NDWI=null},{NDWI=null},LANDSAT/LT5_L1T_32DAY_NDWI/19911219,{NDWI=null},{NDWI=null},
1_1_19920101,694224000000,{NDWI=null},{NDWI=null},LANDSAT/LT5_L1T_32DAY_NDWI/19920101,{NDWI=null},{NDWI=null},
1_1_19920202,696988800000,{NDWI=null},{NDWI=null},LANDSAT/LT5_L1T_32DAY_NDWI/19920202,{NDWI=null},{NDWI=null},
1_1_19920305,699753600000,{NDWI=null},{NDWI=null},LANDSAT/LT5_L1T_32DAY_NDWI/19920305,{NDWI=null},{NDWI=null},
1_1_19920406,702518400000,{NDWI=-0.017498462896410435},{NDWI=-0.06057189470704864},LANDSAT/LT5_L1T_32DAY_NDWI/19920406,{NDWI=0.1943243935208516},{NDWI=0.037761969917246785},
1_1_19920508,705283200000,{NDWI=0.12061265486830065},{NDWI=0.10000449985265732},LANDSAT/LT5_L1T_32DAY_NDWI/19920508,{NDWI=0.1421038666072083},{NDWI=0.020193508904719253},
1_1_19920609,708048000000,{NDWI=0.18357325210305211},{NDWI=0.17067496664822102},LANDSAT/LT5_L1T_32DAY_NDWI/19920609,{NDWI=0.11791835215755278},{NDWI=0.013904737775552633},
1_1_19920711,710812800000,{NDWI=0.04381236841138175},{NDWI=0.02561567134752467},LANDSAT/LT5_L1T_32DAY_NDWI/19920711,{NDWI=0.0837996898793642},{NDWI=0.007022388023877616},
1_1_19920812,713577600000,{NDWI=-0.02866070039465307},{NDWI=-0.04129816086615546},LANDSAT/LT5_L1T_32DAY_NDWI/19920812,{NDWI=0.06837566507040437},{NDWI=0.004675231573820116},
1_1_19920913,716342400000,{NDWI=-0.08457007923157721},{NDWI=-0.09543344042670558},LANDSAT/LT5_L1T_32DAY_NDWI/19920913,{NDWI=0.06478556288797435},{NDWI=0.004197169158711679},
1_1_19921015,719107200000,{NDWI=0.7282427128280445},{NDWI=0.775631935596466},LANDSAT/LT5_L1T_32DAY_NDWI/19921015,{NDWI=0.1524216420628295},{NDWI=0.02323235696912931},
1_1_19921116,721872000000,{NDWI=0.7551897507882631},{NDWI=0.7605851870410296},LANDSAT/LT5_L1T_32DAY_NDWI/19921116,{NDWI=0.03259202176043989},{NDWI=0.0010622398824329871},
1_1_19921218,724636800000,{NDWI=null},{NDWI=null},LANDSAT/LT5_L1T_32DAY_NDWI/19921218,{NDWI=null},{NDWI=null},
1_1_19930101,725846400000,{NDWI=0.8801611623710383},{NDWI=0.8816764748702615},LANDSAT/LT5_L1T_32DAY_NDWI/19930101,{NDWI=0.02615564354826834},{NDWI=6.841176894240713E-4},
1_1_19930202,728611200000,{NDWI=0.8002771269493607},{NDWI=0.7975897210485795},LANDSAT/LT5_L1T_32DAY_NDWI/19930202,{NDWI=0.019136539833244946},{NDWI=3.6620715678937045E-4},
1_1_19930306,731376000000,{NDWI=0.7175079836362496},{NDWI=0.7163664038692202},LANDSAT/LT5_L1T_32DAY_NDWI/19930306,{NDWI=0.044400426351839405},{NDWI=0.0019713978602251153},
1_1_19930407,734140800000,{NDWI=0.7027143774783775},{NDWI=0.7018081297477087},LANDSAT/LT5_L1T_32DAY_NDWI/19930407,{NDWI=0.01577779180703246},{NDWI=2.489387143060606E-4},
1_1_19930509,736905600000,{NDWI=0.23422006398453987},{NDWI=0.2195082108880072},LANDSAT/LT5_L1T_32DAY_NDWI/19930509,{NDWI=0.05641888641109602},{NDWI=0.0031830907438681554},
1_1_19930610,739670400000,{NDWI=0.15042633371471054},{NDWI=0.14312039936582246},LANDSAT/LT5_L1T_32DAY_NDWI/19930610,{NDWI=0.14754570974858283},{NDWI=0.02176973646521305},
1_1_19930712,742435200000,{NDWI=0.19528601433684292},{NDWI=0.1932070660404861},LANDSAT/LT5_L1T_32DAY_NDWI/19930712,{NDWI=0.12842507394809283},{NDWI=0.016492999618573114},
1_1_19930813,745200000000,{NDWI=0.07071996910843958},{NDWI=0.06253702336007022},LANDSAT/LT5_L1T_32DAY_NDWI/19930813,{NDWI=0.10176751898289953},{NDWI=0.010356627919934816},
1_1_19930914,747964800000,{NDWI=-0.0011830085526696955},{NDWI=-0.010061929354796538},LANDSAT/LT5_L1T_32DAY_NDWI/19930914,{NDWI=0.0883252729409702},{NDWI=0.007801353840096882},
1_1_19931016,750729600000,{NDWI=0.6955499648027224},{NDWI=0.6925567463040352},LANDSAT/LT5_L1T_32DAY_NDWI/19931016,{NDWI=0.035153103047186114},{NDWI=0.0012357406538460857},
1_1_19931117,753494400000,{NDWI=0.38005766481044473},{NDWI=0.3784025187762278},LANDSAT/LT5_L1T_32DAY_NDWI/19931117,{NDWI=0.013078635888473267},{NDWI=1.7105071670326093E-4},
1_1_19931219,756259200000,{NDWI=null},{NDWI=null},LANDSAT/LT5_L1T_32DAY_NDWI/19931219,{NDWI=null},{NDWI=null},
1_1_19940101,757382400000,{NDWI=0.8128870721840812},{NDWI=0.8140398393074672},LANDSAT/LT5_L1T_32DAY_NDWI/19940101,{NDWI=0.02019547999143038},{NDWI=4.078574120842649E-4},
1_1_19940202,760147200000,{NDWI=0.5936017693284673},{NDWI=0.5950200404439654},LANDSAT/LT5_L1T_32DAY_NDWI/19940202,{NDWI=0.019956271377139175},{NDWI=3.9825276727802435E-4},
1_1_19940306,762912000000,{NDWI=0.8802145644876588},{NDWI=0.8856591850746679},LANDSAT/LT5_L1T_32DAY_NDWI/19940306,{NDWI=0.02522946542218809},{NDWI=6.365259254893844E-4},
1_1_19940407,765676800000,{NDWI=0.8609008968620034},{NDWI=0.9161128908738323},LANDSAT/LT5_L1T_32DAY_NDWI/19940407,{NDWI=0.14252890561251177},{NDWI=0.020314488935100294},
1_1_19940509,768441600000,{NDWI=0.0700874312643729},{NDWI=0.056495700217783454},LANDSAT/LT5_L1T_32DAY_NDWI/19940509,{NDWI=0.14598453031629358},{NDWI=0.021311483091668835},
1_1_19940610,771206400000,{NDWI=0.13718412686031417},{NDWI=0.11931372646774564},LANDSAT/LT5_L1T_32DAY_NDWI/19940610,{NDWI=0.12524865891756073},{NDWI=0.015687226560647468},
1_1_19940712,773971200000,{NDWI=0.0749583011666229},{NDWI=0.04895772715961492},LANDSAT/LT5_L1T_32DAY_NDWI/19940712,{NDWI=0.13415635407010001},{NDWI=0.01799792733738204},
1_1_19940813,776736000000,{NDWI=0.09087632749925058},{NDWI=0.09208087199790911},LANDSAT/LT5_L1T_32DAY_NDWI/19940813,{NDWI=0.08395985280890132},{NDWI=0.007049256883692375},
1_1_19940914,779500800000,{NDWI=null},{NDWI=null},LANDSAT/LT5_L1T_32DAY_NDWI/19940914,{NDWI=null},{NDWI=null},
1_1_19941016,782265600000,{NDWI=0.4800833538466237},{NDWI=0.4840652516910008},LANDSAT/LT5_L1T_32DAY_NDWI/19941016,{NDWI=0.021237017091549206},{NDWI=4.5101089494675305E-4},
1_1_19941117,785030400000,{NDWI=0.8359244508985904},{NDWI=0.8350887235842253},LANDSAT/LT5_L1T_32DAY_NDWI/19941117,{NDWI=0.03445230406995157},{NDWI=0.0011869612557284012},
1_1_19941219,787795200000,{NDWI=0.49665218059505734},{NDWI=0.5023075665036837},LANDSAT/LT5_L1T_32DAY_NDWI/19941219,{NDWI=0.05016450370587945},{NDWI=0.002516477432057193},
1_1_19950101,788918400000,{NDWI=0.49665218059505734},{NDWI=0.5023075665036837},LANDSAT/LT5_L1T_32DAY_NDWI/19950101,{NDWI=0.05016450370587945},{NDWI=0.002516477432057193},
1_1_19950202,791683200000,{NDWI=0.9275359276631107},{NDWI=0.9303070306777954},LANDSAT/LT5_L1T_32DAY_NDWI/19950202,{NDWI=0.022423842031258596},{NDWI=5.028286914428396E-4},
1_1_19950306,794448000000,{NDWI=0.5210662580691205},{NDWI=0.5227749009024013},LANDSAT/LT5_L1T_32DAY_NDWI/19950306,{NDWI=0.02527020929906629},{NDWI=6.385834780186165E-4},
1_1_19950407,797212800000,{NDWI=0.9526041185377628},{NDWI=0.9558468908071518},LANDSAT/LT5_L1T_32DAY_NDWI/19950407,{NDWI=0.020682562202884273},{NDWI=4.2776837927617717E-4},
1_1_19950509,799977600000,{NDWI=0.7162389135691692},{NDWI=0.8263089179992675},LANDSAT/LT5_L1T_32DAY_NDWI/19950509,{NDWI=0.25703643615143157},{NDWI=0.06606772950942896},
1_1_19950610,802742400000,{NDWI=0.6530293496886046},{NDWI=0.7304089430606726},LANDSAT/LT5_L1T_32DAY_NDWI/19950610,{NDWI=0.24048012754614204},{NDWI=0.057830691744608746},
1_1_19950712,805507200000,{NDWI=0.1776938057490242},{NDWI=0.1835401091724634},LANDSAT/LT5_L1T_32DAY_NDWI/19950712,{NDWI=0.1492936413004215},{NDWI=0.022288591332738923},
1_1_19950813,808272000000,{NDWI=0.17106431627337337},{NDWI=0.15833671626291776},LANDSAT/LT5_L1T_32DAY_NDWI/19950813,{NDWI=0.1340429405450017},{NDWI=0.017967509909950864},
1_1_19950914,811036800000,{NDWI=0.04455805821603258},{NDWI=0.0332555309511148},LANDSAT/LT5_L1T_32DAY_NDWI/19950914,{NDWI=0.10455002593763725},{NDWI=0.010930707923560622},
1_1_19951016,813801600000,{NDWI=0.06229919966224489},{NDWI=0.05771578501348626},LANDSAT/LT5_L1T_32DAY_NDWI/19951016,{NDWI=0.03820215465711998},{NDWI=0.001459404620446514},
1_1_19951117,816566400000,{NDWI=0.4420779450648918},{NDWI=0.4261018804141453},LANDSAT/LT5_L1T_32DAY_NDWI/19951117,{NDWI=0.05427433191950255},{NDWI=0.0029457031053083337},
1_1_19951219,819331200000,{NDWI=0.8795264217193346},{NDWI=0.8913031669406147},LANDSAT/LT5_L1T_32DAY_NDWI/19951219,{NDWI=0.0527963571272789},{NDWI=0.002787455325911173},
1_1_19960101,820454400000,{NDWI=0.8795264217193346},{NDWI=0.8913031669406147},LANDSAT/LT5_L1T_32DAY_NDWI/19960101,{NDWI=0.0527963571272789},{NDWI=0.002787455325911173},
1_1_19960202,823219200000,{NDWI=0.47233554980409587},{NDWI=0.47562529584940744},LANDSAT/LT5_L1T_32DAY_NDWI/19960202,{NDWI=0.08274818535200444},{NDWI=0.006847262179049683},
1_1_19960305,825984000000,{NDWI=0.8486387614022263},{NDWI=0.8690446347503339},LANDSAT/LT5_L1T_32DAY_NDWI/19960305,{NDWI=0.09988369100589412},{NDWI=0.009976751728960934},
1_1_19960406,828748800000,{NDWI=0.9426755477945865},{NDWI=0.9500357458988825},LANDSAT/LT5_L1T_32DAY_NDWI/19960406,{NDWI=0.027105033529164373},{NDWI=7.346828426171249E-4},
1_1_19960508,831513600000,{NDWI=0.09004180818536651},{NDWI=0.062291891333696094},LANDSAT/LT5_L1T_32DAY_NDWI/19960508,{NDWI=0.1590790118225753},{NDWI=0.025306132002447055},
1_1_19960609,834278400000,{NDWI=0.19446057981126072},{NDWI=0.1973541762147631},LANDSAT/LT5_L1T_32DAY_NDWI/19960609,{NDWI=0.1549942393452001},{NDWI=0.024023214230197175},
1_1_19960711,837043200000,{NDWI=0.15287864874400142},{NDWI=0.1428324337068357},LANDSAT/LT5_L1T_32DAY_NDWI/19960711,{NDWI=0.13331298797475388},{NDWI=0.01777235276275687},
1_1_19960812,839808000000,{NDWI=0.07554659317398144},{NDWI=0.05676868447551021},LANDSAT/LT5_L1T_32DAY_NDWI/19960812,{NDWI=0.11583278933471569},{NDWI=0.013417235085060627},
1_1_19960913,842572800000,{NDWI=-0.06865141784644185},{NDWI=-0.07998398326489391},LANDSAT/LT5_L1T_32DAY_NDWI/19960913,{NDWI=0.07693734771962672},{NDWI=0.005919355474130751},
1_1_19961015,845337600000,{NDWI=0.14056874844364078},{NDWI=0.13010093693931898},LANDSAT/LT5_L1T_32DAY_NDWI/19961015,{NDWI=0.07071795285405934},{NDWI=0.00500102885586896},
1_1_19961116,848102400000,{NDWI=0.26492682129232153},{NDWI=0.256858524577371},LANDSAT/LT5_L1T_32DAY_NDWI/19961116,{NDWI=0.06947411668651936},{NDWI=0.004826652889372107},
1_1_19961218,850867200000,{NDWI=0.7244558620709496},{NDWI=0.7248097702308938},LANDSAT/LT5_L1T_32DAY_NDWI/19961218,{NDWI=0.026918659228831573},{NDWI=7.246142146779592E-4},
1_1_19970101,852076800000,{NDWI=0.7244558620709496},{NDWI=0.7248097702308938},LANDSAT/LT5_L1T_32DAY_NDWI/19970101,{NDWI=0.026918659228831573},{NDWI=7.246142146779592E-4},
1_1_19970202,854841600000,{NDWI=0.894841134169097},{NDWI=0.897504750510742},LANDSAT/LT5_L1T_32DAY_NDWI/19970202,{NDWI=0.025920529207480066},{NDWI=6.718738343958271E-4},
1_1_19970306,857606400000,{NDWI=0.9475872426233646},{NDWI=0.9543185866909263},LANDSAT/LT5_L1T_32DAY_NDWI/19970306,{NDWI=0.026142426271207702},{NDWI=6.834264513455307E-4},
1_1_19970407,860371200000,{NDWI=0.6667762733576159},{NDWI=0.7459355269869169},LANDSAT/LT5_L1T_32DAY_NDWI/19970407,{NDWI=0.2374243111858885},{NDWI=0.056370303542093624},
1_1_19970509,863136000000,{NDWI=0.13876977255662454},{NDWI=0.13487729754136957},LANDSAT/LT5_L1T_32DAY_NDWI/19970509,{NDWI=0.12347343891295767},{NDWI=0.01524569011699189},
1_1_19970610,865900800000,{NDWI=0.18634610538805585},{NDWI=0.1854696214199066},LANDSAT/LT5_L1T_32DAY_NDWI/19970610,{NDWI=0.14121486482899898},{NDWI=0.01994163804867245},
1_1_19970712,868665600000,{NDWI=0.13702273761430317},{NDWI=0.1345487403018134},LANDSAT/LT5_L1T_32DAY_NDWI/19970712,{NDWI=0.11103309735153732},{NDWI=0.012328348707475964},
1_1_19970813,871430400000,{NDWI=0.021912457853467585},{NDWI=0.013857236941871435},LANDSAT/LT5_L1T_32DAY_NDWI/19970813,{NDWI=0.08624473493456396},{NDWI=0.007438154303933198},
1_1_19970914,874195200000,{NDWI=0.04238096502764012},{NDWI=0.017322361550253372},LANDSAT/LT5_L1T_32DAY_NDWI/19970914,{NDWI=0.12787502480815635},{NDWI=0.016352021969686603},
1_1_19971016,876960000000,{NDWI=0.21737424276200526},{NDWI=0.21401874112839603},LANDSAT/LT5_L1T_32DAY_NDWI/19971016,{NDWI=0.03114475034984143},{NDWI=9.699954743539478E-4},
1_1_19971117,879724800000,{NDWI=0.7354270955821073},{NDWI=0.7476442771137886},LANDSAT/LT5_L1T_32DAY_NDWI/19971117,{NDWI=0.0368607465550446},{NDWI=0.0013587146365952323},
1_1_19971219,882489600000,{NDWI=0.7507603696880976},{NDWI=0.7551243916153908},LANDSAT/LT5_L1T_32DAY_NDWI/19971219,{NDWI=0.03728700529834491},{NDWI=0.0013903207641188012},
1_1_19980101,883612800000,{NDWI=0.8578074964641825},{NDWI=0.8663912996267661},LANDSAT/LT5_L1T_32DAY_NDWI/19980101,{NDWI=0.03466835794924009},{NDWI=0.0012018950428966388},
1_1_19980202,886377600000,{NDWI=0.25469200986705415},{NDWI=0.2514872442592274},LANDSAT/LT5_L1T_32DAY_NDWI/19980202,{NDWI=0.024756279249405017},{NDWI=6.128733622745214E-4},
1_1_19980306,889142400000,{NDWI=0.9286868245925922},{NDWI=0.9325641938392689},LANDSAT/LT5_L1T_32DAY_NDWI/19980306,{NDWI=0.019405182388316514},{NDWI=3.765611035238294E-4},
1_1_19980407,891907200000,{NDWI=0.7394944045350043},{NDWI=0.7378619800914418},LANDSAT/LT5_L1T_32DAY_NDWI/19980407,{NDWI=0.01624980926531886},{NDWI=2.640563011592427E-4},
1_1_19980509,894672000000,{NDWI=0.9068085204248559},{NDWI=0.9109736233949661},LANDSAT/LT5_L1T_32DAY_NDWI/19980509,{NDWI=0.02165349936953008},{NDWI=4.688740349462395E-4},
1_1_19980610,897436800000,{NDWI=-0.03153166418616282},{NDWI=-0.06708235136772457},LANDSAT/LT5_L1T_32DAY_NDWI/19980610,{NDWI=0.19015899311488035},{NDWI=0.03616044266246511},
1_1_19980712,900201600000,{NDWI=0.21591803393325676},{NDWI=0.2293707196201597},LANDSAT/LT5_L1T_32DAY_NDWI/19980712,{NDWI=0.13293244953582223},{NDWI=0.017671036139593924},
1_1_19980813,902966400000,{NDWI=0.1885432652924235},{NDWI=0.18983020424842834},LANDSAT/LT5_L1T_32DAY_NDWI/19980813,{NDWI=0.10835158271546744},{NDWI=0.011740065476946783},
1_1_19980914,905731200000,{NDWI=0.019201424907770034},{NDWI=0.005848556756973267},LANDSAT/LT5_L1T_32DAY_NDWI/19980914,{NDWI=0.09406447910012744},{NDWI=0.008848126228378312},
1_1_19981016,908496000000,{NDWI=0.46331633563260977},{NDWI=0.39416841599676344},LANDSAT/LT5_L1T_32DAY_NDWI/19981016,{NDWI=0.21830180667616544},{NDWI=0.04765567879807791},
1_1_19981117,911260800000,{NDWI=0.8610979525660348},{NDWI=0.8664038024450603},LANDSAT/LT5_L1T_32DAY_NDWI/19981117,{NDWI=0.031477662618188226},{NDWI=9.908432439044846E-4},
1_1_19981219,914025600000,{NDWI=0.9084008157603195},{NDWI=0.9167294958058525},LANDSAT/LT5_L1T_32DAY_NDWI/19981219,{NDWI=0.03042982617569251},{NDWI=9.25974321082861E-4},
1_1_19990101,915148800000,{NDWI=0.8101955866277101},{NDWI=0.8109011682304176},LANDSAT/LT5_L1T_32DAY_NDWI/19990101,{NDWI=0.023741711382893434},{NDWI=5.636688593886117E-4},
1_1_19990202,917913600000,{NDWI=0.9075996932918078},{NDWI=0.911397866417},LANDSAT/LT5_L1T_32DAY_NDWI/19990202,{NDWI=0.025045382551708423},{NDWI=6.272711871614207E-4},
1_1_19990306,920678400000,{NDWI=0.3702988027068267},{NDWI=0.33672754764556884},LANDSAT/LT5_L1T_32DAY_NDWI/19990306,{NDWI=0.11264964113130617},{NDWI=0.012689941647012067},
1_1_19990407,923443200000,{NDWI=0.9435064415875712},{NDWI=0.9467568883770391},LANDSAT/LT5_L1T_32DAY_NDWI/19990407,{NDWI=0.017796176336256023},{NDWI=3.1670389219111883E-4},
1_1_19990509,926208000000,{NDWI=0.26193006870878127},{NDWI=0.1853644996881485},LANDSAT/LT5_L1T_32DAY_NDWI/19990509,{NDWI=0.19805829990845153},{NDWI=0.03922709016262613},
1_1_19990610,928972800000,{NDWI=0.10330978509184434},{NDWI=0.09955035969614982},LANDSAT/LT5_L1T_32DAY_NDWI/19990610,{NDWI=0.1525140347099199},{NDWI=0.023260530783498653},
1_1_19990712,931737600000,{NDWI=0.18256967272703162},{NDWI=0.18380479963998947},LANDSAT/LT5_L1T_32DAY_NDWI/19990712,{NDWI=0.14386694076846837},{NDWI=0.020697696646077984},
1_1_19990813,934502400000,{NDWI=0.1545472647883713},{NDWI=0.1423291537691565},LANDSAT/LT5_L1T_32DAY_NDWI/19990813,{NDWI=0.12653573556952916},{NDWI=0.016011292376121804},
1_1_19990914,937267200000,{NDWI=-0.041884230796635356},{NDWI=-0.061030577713002764},LANDSAT/LT5_L1T_32DAY_NDWI/19990914,{NDWI=0.09128451330701894},{NDWI=0.008332862369699318},
1_1_19991016,940032000000,{NDWI=0.558106616840182},{NDWI=0.6038338216868314},LANDSAT/LT5_L1T_32DAY_NDWI/19991016,{NDWI=0.194469793050573},{NDWI=0.037818500409132684},
1_1_19991117,942796800000,{NDWI=0.7955137717513889},{NDWI=0.7996049530622436},LANDSAT/LT5_L1T_32DAY_NDWI/19991117,{NDWI=0.024482337759392524},{NDWI=5.99384862164977E-4},
1_1_19991219,945561600000,{NDWI=0.5879712148830148},{NDWI=0.61908717751503},LANDSAT/LT5_L1T_32DAY_NDWI/19991219,{NDWI=0.16445372008470105},{NDWI=0.0270450260496972},
1_1_20000101,946684800000,{NDWI=0.9327560845186565},{NDWI=0.934020629950932},LANDSAT/LT5_L1T_32DAY_NDWI/20000101,{NDWI=0.019957991515230332},{NDWI=3.9832142532200595E-4},
1_1_20000202,949449600000,{NDWI=null},{NDWI=null},LANDSAT/LT5_L1T_32DAY_NDWI/20000202,{NDWI=null},{NDWI=null},
1_1_20000305,952214400000,{NDWI=0.9472784022354099},{NDWI=0.9516619878624557},LANDSAT/LT5_L1T_32DAY_NDWI/20000305,{NDWI=0.017499289190739564},{NDWI=3.062251221811346E-4},
1_1_20000406,954979200000,{NDWI=0.26690305883170573},{NDWI=0.26037473925228777},LANDSAT/LT5_L1T_32DAY_NDWI/20000406,{NDWI=0.03567206629101795},{NDWI=0.0012724963134707792},
1_1_20000508,957744000000,{NDWI=0.12975018374949102},{NDWI=0.04279859773814678},LANDSAT/LT5_L1T_32DAY_NDWI/20000508,{NDWI=0.326745772849927},{NDWI=0.10676280007529608},
1_1_20000609,960508800000,{NDWI=0.12143939051235073},{NDWI=0.12297413141831108},LANDSAT/LT5_L1T_32DAY_NDWI/20000609,{NDWI=0.13659569917379297},{NDWI=0.018658385032777346},
1_1_20000711,963273600000,{NDWI=0.10768094404094149},{NDWI=0.10321661084890366},LANDSAT/LT5_L1T_32DAY_NDWI/20000711,{NDWI=0.10451161905314983},{NDWI=0.010922678517110712},
1_1_20000812,966038400000,{NDWI=0.001665848084269973},{NDWI=-0.006218873189451793},LANDSAT/LT5_L1T_32DAY_NDWI/20000812,{NDWI=0.08913990274999306},{NDWI=0.00794592226227822},
1_1_20000913,968803200000,{NDWI=0.8947589922324553},{NDWI=0.9239179082770845},LANDSAT/LT5_L1T_32DAY_NDWI/20000913,{NDWI=0.07509425898386717},{NDWI=0.005639147732336114},
1_1_20001015,971568000000,{NDWI=0.25524306218568127},{NDWI=0.24891012786207972},LANDSAT/LT5_L1T_32DAY_NDWI/20001015,{NDWI=0.051090565767450025},{NDWI=0.0026102459104381365},
1_1_20001116,974332800000,{NDWI=0.7964548715290025},{NDWI=0.7945328503847122},LANDSAT/LT5_L1T_32DAY_NDWI/20001116,{NDWI=0.024181241727854377},{NDWI=5.847324515009258E-4},
1_1_20001218,977097600000,{NDWI=0.6650926670216301},{NDWI=0.6673968288956619},LANDSAT/LT5_L1T_32DAY_NDWI/20001218,{NDWI=0.030633390991604628},{NDWI=9.384046436445235E-4},
1_1_20010101,978307200000,{NDWI=0.6650926670216301},{NDWI=0.6673968288956619},LANDSAT/LT5_L1T_32DAY_NDWI/20010101,{NDWI=0.030633390991604628},{NDWI=9.384046436445235E-4},
1_1_20010202,981072000000,{NDWI=0.4372165402116841},{NDWI=0.4368604024251302},LANDSAT/LT5_L1T_32DAY_NDWI/20010202,{NDWI=0.04041674328540625},{NDWI=0.0016335131377984312},
1_1_20010306,983836800000,{NDWI=0.9159794550848334},{NDWI=0.9362213399341638},LANDSAT/LT5_L1T_32DAY_NDWI/20010306,{NDWI=0.07146320544303666},{NDWI=0.005106989732193664},
1_1_20010407,986601600000,{NDWI=0.9384621986554327},{NDWI=0.9440695172132447},LANDSAT/LT5_L1T_32DAY_NDWI/20010407,{NDWI=0.023478017269710286},{NDWI=5.512172949168144E-4},
1_1_20010509,989366400000,{NDWI=-0.06920177650124136},{NDWI=-0.08195572025500811},LANDSAT/LT5_L1T_32DAY_NDWI/20010509,{NDWI=0.14367247311526055},{NDWI=0.020641779531055265},
1_1_20010610,992131200000,{NDWI=0.05923039239091485},{NDWI=0.06453644633293151},LANDSAT/LT5_L1T_32DAY_NDWI/20010610,{NDWI=0.12024905150239285},{NDWI=0.014459834387225126},
1_1_20010712,994896000000,{NDWI=0.08864181538287255},{NDWI=0.07399401606260976},LANDSAT/LT5_L1T_32DAY_NDWI/20010712,{NDWI=0.10403178013516057},{NDWI=0.010822611278090389},
1_1_20010813,997660800000,{NDWI=0.02098876534988011},{NDWI=0.005991512714254279},LANDSAT/LT5_L1T_32DAY_NDWI/20010813,{NDWI=0.08415593938230771},{NDWI=0.0070822221333186495},
1_1_20010914,1000425600000,{NDWI=-0.05131987608301589},{NDWI=-0.06820695387556198},LANDSAT/LT5_L1T_32DAY_NDWI/20010914,{NDWI=0.08455970805071684},{NDWI=0.007150344225622466},
1_1_20011016,1003190400000,{NDWI=0.0950780969023109},{NDWI=0.09936073067642394},LANDSAT/LT5_L1T_32DAY_NDWI/20011016,{NDWI=0.07829445181391098},{NDWI=0.006130021184840829},
1_1_20011117,1005955200000,{NDWI=0.7496288743037767},{NDWI=0.7464706599712372},LANDSAT/LT5_L1T_32DAY_NDWI/20011117,{NDWI=0.03110907147208318},{NDWI=9.677743278551795E-4},
1_1_20011219,1008720000000,{NDWI=0.5496434975276955},{NDWI=0.5527147086043107},LANDSAT/LT5_L1T_32DAY_NDWI/20011219,{NDWI=0.12228752692022603},{NDWI=0.014954239240265005},
1_1_20020101,1009843200000,{NDWI=null},{NDWI=null},LANDSAT/LT5_L1T_32DAY_NDWI/20020101,{NDWI=null},{NDWI=null},
1_1_20020202,1012608000000,{NDWI=0.853019056838086},{NDWI=0.8570489855699761},LANDSAT/LT5_L1T_32DAY_NDWI/20020202,{NDWI=0.023571950003919515},{NDWI=5.556368269872813E-4},
1_1_20020306,1015372800000,{NDWI=null},{NDWI=null},LANDSAT/LT5_L1T_32DAY_NDWI/20020306,{NDWI=null},{NDWI=null},
1_1_20020407,1018137600000,{NDWI=null},{NDWI=null},LANDSAT/LT5_L1T_32DAY_NDWI/20020407,{NDWI=null},{NDWI=null},
1_1_20020509,1020902400000,{NDWI=0.620557792510276},{NDWI=0.6933941803872585},LANDSAT/LT5_L1T_32DAY_NDWI/20020509,{NDWI=0.24455678269288333},{NDWI=0.05980801996109416},
1_1_20020610,1023667200000,{NDWI=0.13373597156026026},{NDWI=0.12853683450737516},LANDSAT/LT5_L1T_32DAY_NDWI/20020610,{NDWI=0.14277981700262593},{NDWI=0.02038607614330335},
1_1_20020712,1026432000000,{NDWI=0.17461584195709484},{NDWI=0.1735709538417203},LANDSAT/LT5_L1T_32DAY_NDWI/20020712,{NDWI=0.1149747252733073},{NDWI=0.013219187451672486},
1_1_20020813,1029196800000,{NDWI=0.05564536970877165},{NDWI=0.04507545462769011},LANDSAT/LT5_L1T_32DAY_NDWI/20020813,{NDWI=0.09934103516720677},{NDWI=0.009868641268092213},
1_1_20020914,1031961600000,{NDWI=0.04477552659524033},{NDWI=0.045708067656036404},LANDSAT/LT5_L1T_32DAY_NDWI/20020914,{NDWI=0.03781327031977888},{NDWI=0.0014298434122766701},
1_1_20021016,1034726400000,{NDWI=-0.04997059889295794},{NDWI=-0.06804600256984517},LANDSAT/LT5_L1T_32DAY_NDWI/20021016,{NDWI=0.09538434476374615},{NDWI=0.009098173226009186},
1_1_20021117,1037491200000,{NDWI=0.7119667566252221},{NDWI=0.7313026663931933},LANDSAT/LT5_L1T_32DAY_NDWI/20021117,{NDWI=0.15089091028093493},{NDWI=0.022768066805409153},
1_1_20021219,1040256000000,{NDWI=0.7524440856595795},{NDWI=0.7467107987403869},LANDSAT/LT5_L1T_32DAY_NDWI/20021219,{NDWI=0.023258326736342167},{NDWI=5.409497625744489E-4},
1_1_20030101,1041379200000,{NDWI=0.5566052739488402},{NDWI=0.558377206325531},LANDSAT/LT5_L1T_32DAY_NDWI/20030101,{NDWI=0.014902003717671673},{NDWI=2.2206971480150033E-4},
1_1_20030202,1044144000000,{NDWI=0.6735067296305711},{NDWI=0.821847941564477},LANDSAT/LT5_L1T_32DAY_NDWI/20030202,{NDWI=0.40117511804545236},{NDWI=0.16094147533878264},
1_1_20030306,1046908800000,{NDWI=0.4598463587317098},{NDWI=0.3657105006277561},LANDSAT/LT5_L1T_32DAY_NDWI/20030306,{NDWI=0.21865842193469706},{NDWI=0.04781150548297201},
1_1_20030407,1049673600000,{NDWI=0.22714741669464017},{NDWI=0.21921935648310417},LANDSAT/LT5_L1T_32DAY_NDWI/20030407,{NDWI=0.02320991054153613},{NDWI=5.386999473461099E-4},
1_1_20030509,1052438400000,{NDWI=0.673654607714039},{NDWI=0.7152879337469736},LANDSAT/LT5_L1T_32DAY_NDWI/20030509,{NDWI=0.2089205182218444},{NDWI=0.04364778293408402},
1_1_20030610,1055203200000,{NDWI=0.09835620323620928},{NDWI=0.10765011056705757},LANDSAT/LT5_L1T_32DAY_NDWI/20030610,{NDWI=0.15633956238320185},{NDWI=0.02444205876617106},
1_1_20030712,1057968000000,{NDWI=0.20375631221701582},{NDWI=0.1738593742251396},LANDSAT/LT5_L1T_32DAY_NDWI/20030712,{NDWI=0.15283916116598817},{NDWI=0.023359809185922904},
1_1_20030813,1060732800000,{NDWI=0.07811635091034104},{NDWI=0.06627038959413767},LANDSAT/LT5_L1T_32DAY_NDWI/20030813,{NDWI=0.12531494960923115},{NDWI=0.015703836595564142},
1_1_20030914,1063497600000,{NDWI=-0.04140461537544285},{NDWI=-0.06448327004909515},LANDSAT/LT5_L1T_32DAY_NDWI/20030914,{NDWI=0.10607191375583135},{NDWI=0.011251250887824523},
1_1_20031016,1066262400000,{NDWI=0.42119587156666466},{NDWI=0.44814039915800097},LANDSAT/LT5_L1T_32DAY_NDWI/20031016,{NDWI=0.12430236285712738},{NDWI=0.015451077411864961},
1_1_20031117,1069027200000,{NDWI=0.8400570362106461},{NDWI=0.8487490359693766},LANDSAT/LT5_L1T_32DAY_NDWI/20031117,{NDWI=0.05162181178243802},{NDWI=0.0026648114517014566},
1_1_20031219,1071792000000,{NDWI=0.8882136609106381},{NDWI=0.8979301845155111},LANDSAT/LT5_L1T_32DAY_NDWI/20031219,{NDWI=0.03819542805218194},{NDWI=0.0014588907240894072},
1_1_20040101,1072915200000,{NDWI=0.8882136609106381},{NDWI=0.8979301845155111},LANDSAT/LT5_L1T_32DAY_NDWI/20040101,{NDWI=0.03819542805218194},{NDWI=0.0014588907240894072},
1_1_20040202,1075680000000,{NDWI=0.7240530258726234},{NDWI=0.7523086230519792},LANDSAT/LT5_L1T_32DAY_NDWI/20040202,{NDWI=0.11184923247564506},{NDWI=0.012510250805390892},
1_1_20040305,1078444800000,{NDWI=0.9280194029532767},{NDWI=0.938298407438639},LANDSAT/LT5_L1T_32DAY_NDWI/20040305,{NDWI=0.033848270399128765},{NDWI=0.0011457054090125364},
1_1_20040406,1081209600000,{NDWI=0.8107171511612905},{NDWI=0.9265434386921517},LANDSAT/LT5_L1T_32DAY_NDWI/20040406,{NDWI=0.4077815286694548},{NDWI=0.16628577512399736},
1_1_20040508,1083974400000,{NDWI=0.14577096938226214},{NDWI=0.14487731301939333},LANDSAT/LT5_L1T_32DAY_NDWI/20040508,{NDWI=0.20739682244783222},{NDWI=0.04301344196145765},
1_1_20040609,1086739200000,{NDWI=0.0924694898922472},{NDWI=0.11819872628023595},LANDSAT/LT5_L1T_32DAY_NDWI/20040609,{NDWI=0.2694940352600784},{NDWI=0.0726270350407604},
1_1_20040711,1089504000000,{NDWI=0.1300223480343421},{NDWI=0.16043043231207227},LANDSAT/LT5_L1T_32DAY_NDWI/20040711,{NDWI=0.23857659701489267},{NDWI=0.05691879264320649},
1_1_20040812,1092268800000,{NDWI=0.01581900113797909},{NDWI=0.027675851131789386},LANDSAT/LT5_L1T_32DAY_NDWI/20040812,{NDWI=0.23070633626421852},{NDWI=0.05322541359245867},
1_1_20040913,1095033600000,{NDWI=-0.011702551383960922},{NDWI=-0.007512241572338349},LANDSAT/LT5_L1T_32DAY_NDWI/20040913,{NDWI=0.24892733520105972},{NDWI=0.061964818210300754},
1_1_20041015,1097798400000,{NDWI=0.12387831435624716},{NDWI=0.274111516152819},LANDSAT/LT5_L1T_32DAY_NDWI/20041015,{NDWI=0.3061961024794716},{NDWI=0.09375605317361908},
1_1_20041116,1100563200000,{NDWI=0.7592519389359743},{NDWI=0.7540193798486143},LANDSAT/LT5_L1T_32DAY_NDWI/20041116,{NDWI=0.2842692785861741},{NDWI=0.08080902274790387},
1_1_20041218,1103328000000,{NDWI=0.6622175033078501},{NDWI=0.6625626683235168},LANDSAT/LT5_L1T_32DAY_NDWI/20041218,{NDWI=0.014125137846704432},{NDWI=1.995195191884019E-4},
1_1_20050101,1104537600000,{NDWI=0.7240360913736247},{NDWI=0.7203160737242017},LANDSAT/LT5_L1T_32DAY_NDWI/20050101,{NDWI=0.024958726259787133},{NDWI=6.229380165109877E-4},
1_1_20050202,1107302400000,{NDWI=null},{NDWI=null},LANDSAT/LT5_L1T_32DAY_NDWI/20050202,{NDWI=null},{NDWI=null},
1_1_20050306,1110067200000,{NDWI=0.18488789733987732},{NDWI=0.18568209255183185},LANDSAT/LT5_L1T_32DAY_NDWI/20050306,{NDWI=0.009194348481729318},{NDWI=8.453604400347821E-5},
1_1_20050407,1112832000000,{NDWI=0.2055500670028176},{NDWI=0.2192164435500778},LANDSAT/LT5_L1T_32DAY_NDWI/20050407,{NDWI=0.02871118545602534},{NDWI=8.24332170290281E-4},
1_1_20050509,1115596800000,{NDWI=0.1071257837230884},{NDWI=0.08965290734625381},LANDSAT/LT5_L1T_32DAY_NDWI/20050509,{NDWI=0.1836397645187996},{NDWI=0.03372356311252017},
1_1_20050610,1118361600000,{NDWI=0.11999975322727544},{NDWI=0.11323667907003146},LANDSAT/LT5_L1T_32DAY_NDWI/20050610,{NDWI=0.14658966217571995},{NDWI=0.0214885290567917},
1_1_20050712,1121126400000,{NDWI=0.2099091522669278},{NDWI=0.21121678305168945},LANDSAT/LT5_L1T_32DAY_NDWI/20050712,{NDWI=0.11823604982313848},{NDWI=0.013979763477779687},
1_1_20050813,1123891200000,{NDWI=0.1438191106423753},{NDWI=0.13118136354855128},LANDSAT/LT5_L1T_32DAY_NDWI/20050813,{NDWI=0.10120582389238562},{NDWI=0.010242618789736571},
1_1_20050914,1126656000000,{NDWI=-0.035409941955213194},{NDWI=-0.05874106011076553},LANDSAT/LT5_L1T_32DAY_NDWI/20050914,{NDWI=0.10059059616339262},{NDWI=0.010118468036506739},
1_1_20051016,1129420800000,{NDWI=0.2529714227901337},{NDWI=0.23806323673990037},LANDSAT/LT5_L1T_32DAY_NDWI/20051016,{NDWI=0.23495966247653294},{NDWI=0.055206042991086286},
1_1_20051117,1132185600000,{NDWI=0.03906652582839708},{NDWI=0.0824160889411966},LANDSAT/LT5_L1T_32DAY_NDWI/20051117,{NDWI=0.26122803618979207},{NDWI=0.06824008689157532},
1_1_20051219,1134950400000,{NDWI=null},{NDWI=null},LANDSAT/LT5_L1T_32DAY_NDWI/20051219,{NDWI=null},{NDWI=null},
1_1_20060101,1136073600000,{NDWI=0.768972702863865},{NDWI=0.7668644647667373},LANDSAT/LT5_L1T_32DAY_NDWI/20060101,{NDWI=0.02007869469368825},{NDWI=4.0315398060234467E-4},
1_1_20060202,1138838400000,{NDWI=0.8308115915018052},{NDWI=0.8637877188937765},LANDSAT/LT5_L1T_32DAY_NDWI/20060202,{NDWI=0.23606226518216958},{NDWI=0.05572539304293695},
1_1_20060306,1141603200000,{NDWI=0.7305991008965237},{NDWI=0.7261680353771557},LANDSAT/LT5_L1T_32DAY_NDWI/20060306,{NDWI=0.01726444611199524},{NDWI=2.980610995539875E-4},
1_1_20060407,1144368000000,{NDWI=0.8854478167920371},{NDWI=0.9500725657851607},LANDSAT/LT5_L1T_32DAY_NDWI/20060407,{NDWI=0.31894165396020624},{NDWI=0.10172377863087192},
1_1_20060509,1147132800000,{NDWI=0.395785627581376},{NDWI=0.4964526222811805},LANDSAT/LT5_L1T_32DAY_NDWI/20060509,{NDWI=0.4190721701545816},{NDWI=0.1756214837980706},
1_1_20060610,1149897600000,{NDWI=0.01673485161583115},{NDWI=0.02221278524534269},LANDSAT/LT5_L1T_32DAY_NDWI/20060610,{NDWI=0.2798459421293187},{NDWI=0.07831375132624598},
1_1_20060712,1152662400000,{NDWI=0.17990176348369633},{NDWI=0.17343027747812725},LANDSAT/LT5_L1T_32DAY_NDWI/20060712,{NDWI=0.12227900399324637},{NDWI=0.014952154817580363},
1_1_20060813,1155427200000,{NDWI=0.04276774789936892},{NDWI=0.02551344862828652},LANDSAT/LT5_L1T_32DAY_NDWI/20060813,{NDWI=0.10620384613422965},{NDWI=0.011279256933703127},
1_1_20060914,1158192000000,{NDWI=0.06545165837000697},{NDWI=0.05400027111172676},LANDSAT/LT5_L1T_32DAY_NDWI/20060914,{NDWI=0.0664730788404068},{NDWI=0.004418670210522938},
1_1_20061016,1160956800000,{NDWI=0.2706472015704544},{NDWI=0.26209142431616783},LANDSAT/LT5_L1T_32DAY_NDWI/20061016,{NDWI=0.02701777399868106},{NDWI=7.299601118438063E-4},
1_1_20061117,1163721600000,{NDWI=0.7429250677912669},{NDWI=0.7418106272816658},LANDSAT/LT5_L1T_32DAY_NDWI/20061117,{NDWI=0.02574622336892851},{NDWI=6.628680177627606E-4},
1_1_20061219,1166486400000,{NDWI=0.85528707078525},{NDWI=0.8564930731737161},LANDSAT/LT5_L1T_32DAY_NDWI/20061219,{NDWI=0.02751250944063892},{NDWI=7.569381757212456E-4},
1_1_20070101,1167609600000,{NDWI=0.85528707078525},{NDWI=0.8564930731737161},LANDSAT/LT5_L1T_32DAY_NDWI/20070101,{NDWI=0.02751250944063892},{NDWI=7.569381757212456E-4},
1_1_20070202,1170374400000,{NDWI=0.9235465759867092},{NDWI=0.9343771229678687},LANDSAT/LT5_L1T_32DAY_NDWI/20070202,{NDWI=0.03139621251783224},{NDWI=9.85722160464886E-4},
1_1_20070306,1173139200000,{NDWI=0.771385956446252},{NDWI=0.780641607518466},LANDSAT/LT5_L1T_32DAY_NDWI/20070306,{NDWI=0.03359196672592746},{NDWI=0.0011284202285158176},
1_1_20070407,1175904000000,{NDWI=0.8761585772387436},{NDWI=0.8917372070826017},LANDSAT/LT5_L1T_32DAY_NDWI/20070407,{NDWI=0.04020591231857029},{NDWI=0.0016165153853685626},
1_1_20070509,1178668800000,{NDWI=-0.014352173434892852},{NDWI=-0.04145779653355993},LANDSAT/LT5_L1T_32DAY_NDWI/20070509,{NDWI=0.14210066052175666},{NDWI=0.020192597720719532},
1_1_20070610,1181433600000,{NDWI=0.16392347913286914},{NDWI=0.14850360010637015},LANDSAT/LT5_L1T_32DAY_NDWI/20070610,{NDWI=0.13631001792562758},{NDWI=0.01858042098688491},
1_1_20070712,1184198400000,{NDWI=0.12473093341449476},{NDWI=0.1133770914240317},LANDSAT/LT5_L1T_32DAY_NDWI/20070712,{NDWI=0.11721969116926081},{NDWI=0.013740455997816883},
1_1_20070813,1186963200000,{NDWI=0.15957058668166996},{NDWI=0.15036673145368695},LANDSAT/LT5_L1T_32DAY_NDWI/20070813,{NDWI=0.14033228559680816},{NDWI=0.01969315038082413},
1_1_20070914,1189728000000,{NDWI=-0.009196647062662232},{NDWI=-0.029137575134102787},LANDSAT/LT5_L1T_32DAY_NDWI/20070914,{NDWI=0.10637547732481595},{NDWI=0.011315742176082432},
1_1_20071219,1198022400000,{NDWI=null},{NDWI=null},LANDSAT/LT5_L1T_32DAY_NDWI/20071219,{NDWI=null},{NDWI=null},
1_1_20080101,1199145600000,{NDWI=null},{NDWI=null},LANDSAT/LT5_L1T_32DAY_NDWI/20080101,{NDWI=null},{NDWI=null},
1_1_20080202,1201910400000,{NDWI=0.5765539804170976},{NDWI=0.5837365694948145},LANDSAT/LT5_L1T_32DAY_NDWI/20080202,{NDWI=0.03123738921145107},{NDWI=9.757744847476796E-4},
1_1_20080305,1204675200000,{NDWI=0.9009773579012391},{NDWI=0.9502680574854215},LANDSAT/LT5_L1T_32DAY_NDWI/20080305,{NDWI=0.09067356903032195},{NDWI=0.00822169612069656},
1_1_20080406,1207440000000,{NDWI=0.9272674838274192},{NDWI=0.9424872395524568},LANDSAT/LT5_L1T_32DAY_NDWI/20080406,{NDWI=0.038155691279704876},{NDWI=0.0014558567770321467},
1_1_20080508,1210204800000,{NDWI=0.05510509928298538},{NDWI=0.06873002385391909},LANDSAT/LT5_L1T_32DAY_NDWI/20080508,{NDWI=0.13715312030836085},{NDWI=0.018810978410319708},
1_1_20080609,1212969600000,{NDWI=0.1805708766397827},{NDWI=0.16979614254974185},LANDSAT/LT5_L1T_32DAY_NDWI/20080609,{NDWI=0.12545650781517245},{NDWI=0.015739335353178424},
1_1_20080711,1215734400000,{NDWI=0.18635934490215902},{NDWI=0.18557866248819563},LANDSAT/LT5_L1T_32DAY_NDWI/20080711,{NDWI=0.11799183279384577},{NDWI=0.013922072606050858},
1_1_20080812,1218499200000,{NDWI=0.05956404554181668},{NDWI=0.04859528069694837},LANDSAT/LT5_L1T_32DAY_NDWI/20080812,{NDWI=0.1178247164065392},{NDWI=0.013882663796281388},
1_1_20080913,1221264000000,{NDWI=0.03590289575841725},{NDWI=0.021185362664982676},LANDSAT/LT5_L1T_32DAY_NDWI/20080913,{NDWI=0.10473659949008847},{NDWI=0.010969755272747201},
1_1_20081015,1224028800000,{NDWI=0.05059410083022389},{NDWI=0.029720958843827246},LANDSAT/LT5_L1T_32DAY_NDWI/20081015,{NDWI=0.08606931572334306},{NDWI=0.007407927109084509},
1_1_20081116,1226793600000,{NDWI=null},{NDWI=null},LANDSAT/LT5_L1T_32DAY_NDWI/20081116,{NDWI=null},{NDWI=null},
1_1_20081218,1229558400000,{NDWI=0.9179991275188741},{NDWI=0.9432688961949265},LANDSAT/LT5_L1T_32DAY_NDWI/20081218,{NDWI=0.1316562671119818},{NDWI=0.017333372669861503},
1_1_20090101,1230768000000,{NDWI=0.8678096299535374},{NDWI=0.8584347628817266},LANDSAT/LT5_L1T_32DAY_NDWI/20090101,{NDWI=0.03934194770041462},{NDWI=0.001547788848862159},
1_1_20090202,1233532800000,{NDWI=0.30163428514700114},{NDWI=0.293141583843929},LANDSAT/LT5_L1T_32DAY_NDWI/20090202,{NDWI=0.23594092102836067},{NDWI=0.055668118215711125},
1_1_20090306,1236297600000,{NDWI=0.9162718671539875},{NDWI=0.9471342302542591},LANDSAT/LT5_L1T_32DAY_NDWI/20090306,{NDWI=0.20620549281358222},{NDWI=0.04252070526649231},
1_1_20090407,1239062400000,{NDWI=0.717579077951129},{NDWI=0.7219645586507074},LANDSAT/LT5_L1T_32DAY_NDWI/20090407,{NDWI=0.06237019795850106},{NDWI=0.00389004159338261},
1_1_20090509,1241827200000,{NDWI=0.3352292679002374},{NDWI=0.3353109386232164},LANDSAT/LT5_L1T_32DAY_NDWI/20090509,{NDWI=0.022177150952814795},{NDWI=4.918260243839342E-4},
1_1_20090610,1244592000000,{NDWI=0.20597562957889165},{NDWI=0.20848601594053465},LANDSAT/LT5_L1T_32DAY_NDWI/20090610,{NDWI=0.1329248694765647},{NDWI=0.017669020925361763},
1_1_20090712,1247356800000,{NDWI=0.15368768924985374},{NDWI=0.145183037016906},LANDSAT/LT5_L1T_32DAY_NDWI/20090712,{NDWI=0.13520324040719747},{NDWI=0.018279916216606434},
1_1_20090813,1250121600000,{NDWI=0.05549455069637665},{NDWI=0.033422813535882875},LANDSAT/LT5_L1T_32DAY_NDWI/20090813,{NDWI=0.11999223303646152},{NDWI=0.014398135989076489},
1_1_20090914,1252886400000,{NDWI=-0.00973766450402557},{NDWI=-0.03319659707851188},LANDSAT/LT5_L1T_32DAY_NDWI/20090914,{NDWI=0.11199187981436307},{NDWI=0.012542181144354743},
1_1_20091016,1255651200000,{NDWI=0.2716388677022695},{NDWI=0.27123584954634955},LANDSAT/LT5_L1T_32DAY_NDWI/20091016,{NDWI=0.01419420093884781},{NDWI=2.0147534029238808E-4},
1_1_20091117,1258416000000,{NDWI=0.5975693555552433},{NDWI=0.6044440161098134},LANDSAT/LT5_L1T_32DAY_NDWI/20091117,{NDWI=0.11925580290213575},{NDWI=0.01422194652583305},
1_1_20091219,1261180800000,{NDWI=0.45582291033344957},{NDWI=0.4582395801941554},LANDSAT/LT5_L1T_32DAY_NDWI/20091219,{NDWI=0.027290841558887814},{NDWI=7.447900329923182E-4},
1_1_20100101,1262304000000,{NDWI=0.23436115304492924},{NDWI=0.21835277783565032},LANDSAT/LT5_L1T_32DAY_NDWI/20100101,{NDWI=0.06223253025588167},{NDWI=0.003872887822049228},
1_1_20100202,1265068800000,{NDWI=0.835385846356823},{NDWI=0.8393339410021499},LANDSAT/LT5_L1T_32DAY_NDWI/20100202,{NDWI=0.026638372715280807},{NDWI=7.09602900918217E-4},
1_1_20100306,1267833600000,{NDWI=0.29156575563369197},{NDWI=0.2875023454427719},LANDSAT/LT5_L1T_32DAY_NDWI/20100306,{NDWI=0.02622803278160634},{NDWI=6.879097035930168E-4},
1_1_20100407,1270598400000,{NDWI=0.9470747725604332},{NDWI=0.9584587577345043},LANDSAT/LT5_L1T_32DAY_NDWI/20100407,{NDWI=0.027906396651936963},{NDWI=7.787669740952386E-4},
1_1_20100509,1273363200000,{NDWI=0.29925169407913127},{NDWI=0.2994375125221584},LANDSAT/LT5_L1T_32DAY_NDWI/20100509,{NDWI=0.006866640917667303},{NDWI=4.715075749218285E-5},
1_1_20100610,1276128000000,{NDWI=0.11265969284947572},{NDWI=0.09972112754295612},LANDSAT/LT5_L1T_32DAY_NDWI/20100610,{NDWI=0.13569387712941863},{NDWI=0.018412828290413758},
1_1_20100712,1278892800000,{NDWI=0.18918462473905967},{NDWI=0.18598663906256357},LANDSAT/LT5_L1T_32DAY_NDWI/20100712,{NDWI=0.14246865428589978},{NDWI=0.020297317454035232},
1_1_20100813,1281657600000,{NDWI=0.12470074137402604},{NDWI=0.10787212900046644},LANDSAT/LT5_L1T_32DAY_NDWI/20100813,{NDWI=0.14986907975635214},{NDWI=0.02246074106701584},
1_1_20100914,1284422400000,{NDWI=-0.02454783330404543},{NDWI=-0.07451810931357053},LANDSAT/LT5_L1T_32DAY_NDWI/20100914,{NDWI=0.15194802138689706},{NDWI=0.023088201203392923},
1_1_20101016,1287187200000,{NDWI=0.783642308658933},{NDWI=0.7862652614712715},LANDSAT/LT5_L1T_32DAY_NDWI/20101016,{NDWI=0.03200835086847846},{NDWI=0.0010245345253196258},
1_1_20101117,1289952000000,{NDWI=0.2843075602984242},{NDWI=0.27079209208488464},LANDSAT/LT5_L1T_32DAY_NDWI/20101117,{NDWI=0.08172994769487771},{NDWI=0.006679784350207447},
1_1_20101219,1292716800000,{NDWI=0.8699584787897401},{NDWI=0.8742370076325475},LANDSAT/LT5_L1T_32DAY_NDWI/20101219,{NDWI=0.031698993284051305},{NDWI=0.0010048261752223298},
1_1_20110101,1293840000000,{NDWI=0.8699584787897401},{NDWI=0.8742370076325475},LANDSAT/LT5_L1T_32DAY_NDWI/20110101,{NDWI=0.031698993284051305},{NDWI=0.0010048261752223298},
1_1_20110202,1296604800000,{NDWI=0.5004869767641484},{NDWI=0.5168393935476031},LANDSAT/LT5_L1T_32DAY_NDWI/20110202,{NDWI=0.1528472955136836},{NDWI=0.02336229574584732},
1_1_20110306,1299369600000,{NDWI=0.7972074465975603},{NDWI=0.8033624351024627},LANDSAT/LT5_L1T_32DAY_NDWI/20110306,{NDWI=0.024668433125112736},{NDWI=6.085315928481594E-4},
1_1_20110407,1302134400000,{NDWI=0.873068727596632},{NDWI=0.8823274441740729},LANDSAT/LT5_L1T_32DAY_NDWI/20110407,{NDWI=0.029980744184389993},{NDWI=8.988450218498344E-4},
1_1_20110509,1304899200000,{NDWI=0.9353074391177489},{NDWI=0.9505648161913898},LANDSAT/LT5_L1T_32DAY_NDWI/20110509,{NDWI=0.03322604418039741},{NDWI=0.0011039700118777205},
1_1_20110610,1307664000000,{NDWI=0.05023273639629752},{NDWI=0.019600552022457123},LANDSAT/LT5_L1T_32DAY_NDWI/20110610,{NDWI=0.1811246920703546},{NDWI=0.03280615407758077},
1_1_20110712,1310428800000,{NDWI=0.2302535603926909},{NDWI=0.23604705842102275},LANDSAT/LT5_L1T_32DAY_NDWI/20110712,{NDWI=0.1490853615394848},{NDWI=0.02222644502535889},
1_1_20110813,1313193600000,{NDWI=0.06297561417583471},{NDWI=0.0660840725669494},LANDSAT/LT5_L1T_32DAY_NDWI/20110813,{NDWI=0.020139937975038862},{NDWI=4.056171016384125E-4},
1_1_20110914,1315958400000,{NDWI=0.15583957996084527},{NDWI=0.11522932158362481},LANDSAT/LT5_L1T_32DAY_NDWI/20110914,{NDWI=0.14044689911582706},{NDWI=0.019725331471251304},
1_1_20111016,1318723200000,{NDWI=0.028432878963876237},{NDWI=-0.011932572791058766},LANDSAT/LT5_L1T_32DAY_NDWI/20111016,{NDWI=0.15053430584318442},{NDWI=0.02266057723568939},
1_1_20111117,1321488000000,{NDWI=null},{NDWI=null},LANDSAT/LT5_L1T_32DAY_NDWI/20111117,{NDWI=null},{NDWI=null},
1_1_20120406,1333670400000,{NDWI=null},{NDWI=null},LANDSAT/LT5_L1T_32DAY_NDWI/20120406,{NDWI=null},{NDWI=null},
1_2_19990509,926208000000,{NDWI=null},{NDWI=null},LANDSAT/LE7_L1T_32DAY_NDWI/19990509,{NDWI=null},{NDWI=null},
1_2_19990610,928972800000,{NDWI=0.029287152368784188},{NDWI=0.0350011173813116},LANDSAT/LE7_L1T_32DAY_NDWI/19990610,{NDWI=0.16459594219208845},{NDWI=0.027091824186101322},
1_2_19990712,931737600000,{NDWI=0.18709764429777012},{NDWI=0.193325889252481},LANDSAT/LE7_L1T_32DAY_NDWI/19990712,{NDWI=0.13480760116549345},{NDWI=0.018173089331994755},
1_2_19990813,934502400000,{NDWI=0.11763825252623378},{NDWI=0.11140144997557928},LANDSAT/LE7_L1T_32DAY_NDWI/19990813,{NDWI=0.08601473931260332},{NDWI=0.007398535379015109},
1_2_19990914,937267200000,{NDWI=0.0028414288161824615},{NDWI=-0.013873232839008173},LANDSAT/LE7_L1T_32DAY_NDWI/19990914,{NDWI=0.08675505625156602},{NDWI=0.007526439785212383},
1_2_19991016,940032000000,{NDWI=-0.03137864501343324},{NDWI=-0.05863598515944822},LANDSAT/LE7_L1T_32DAY_NDWI/19991016,{NDWI=0.10703088886914461},{NDWI=0.011455611172119184},
1_2_19991117,942796800000,{NDWI=0.4316061888684732},{NDWI=0.4188703220823537},LANDSAT/LE7_L1T_32DAY_NDWI/19991117,{NDWI=0.08042799602804508},{NDWI=0.006468662545087236},
1_2_19991219,945561600000,{NDWI=0.8528255788489097},{NDWI=0.8548462328626149},LANDSAT/LE7_L1T_32DAY_NDWI/19991219,{NDWI=0.021239413328273185},{NDWI=4.5111267852922867E-4},
1_2_20000101,946684800000,{NDWI=0.8528255788489097},{NDWI=0.8548462328626149},LANDSAT/LE7_L1T_32DAY_NDWI/20000101,{NDWI=0.021239413328273185},{NDWI=4.5111267852922867E-4},
1_2_20000202,949449600000,{NDWI=0.7922888273070703},{NDWI=0.8156627098719279},LANDSAT/LE7_L1T_32DAY_NDWI/20000202,{NDWI=0.10071444241232529},{NDWI=0.010143398910425587},
1_2_20000305,952214400000,{NDWI=0.9269684901909352},{NDWI=0.9297978907682319},LANDSAT/LE7_L1T_32DAY_NDWI/20000305,{NDWI=0.015523117002746627},{NDWI=2.4096716148096141E-4},
1_2_20000406,954979200000,{NDWI=0.924729808202695},{NDWI=0.9386330911987706},LANDSAT/LE7_L1T_32DAY_NDWI/20000406,{NDWI=0.0377227723290988},{NDWI=0.0014230075521930218},
1_2_20000508,957744000000,{NDWI=-0.07307055307507339},{NDWI=-0.11527216713875532},LANDSAT/LE7_L1T_32DAY_NDWI/20000508,{NDWI=0.17756839044307027},{NDWI=0.031530533284542646},
1_2_20000609,960508800000,{NDWI=0.1771711877984844},{NDWI=0.18185935258865357},LANDSAT/LE7_L1T_32DAY_NDWI/20000609,{NDWI=0.13062145542280482},{NDWI=0.017061964616771785},
1_2_20000711,963273600000,{NDWI=0.19285366777592627},{NDWI=0.19643413059173093},LANDSAT/LE7_L1T_32DAY_NDWI/20000711,{NDWI=0.07244638233481669},{NDWI=0.005248478313402439},
1_2_20000812,966038400000,{NDWI=0.13712089306249675},{NDWI=0.12668969149285175},LANDSAT/LE7_L1T_32DAY_NDWI/20000812,{NDWI=0.0775567619817855},{NDWI=0.006015051329099329},
1_2_20000913,968803200000,{NDWI=-0.0428963959917087},{NDWI=-0.056492832612316565},LANDSAT/LE7_L1T_32DAY_NDWI/20000913,{NDWI=0.08390436234868573},{NDWI=0.0070399420211395515},
1_2_20001015,971568000000,{NDWI=0.9298928205922625},{NDWI=0.946227530571928},LANDSAT/LE7_L1T_32DAY_NDWI/20001015,{NDWI=0.042375641085756206},{NDWI=0.0017956949574288292},
1_2_20001116,974332800000,{NDWI=0.2512564868565991},{NDWI=0.25044690218626287},LANDSAT/LE7_L1T_32DAY_NDWI/20001116,{NDWI=0.026472512757388583},{NDWI=7.007939316901013E-4},
1_2_20001218,977097600000,{NDWI=0.42799437598647905},{NDWI=0.4254549741744995},LANDSAT/LE7_L1T_32DAY_NDWI/20001218,{NDWI=0.01086206202210707},{NDWI=1.1798439137210073E-4},
1_2_20010101,978307200000,{NDWI=0.7042544472182567},{NDWI=0.7038538140746263},LANDSAT/LE7_L1T_32DAY_NDWI/20010101,{NDWI=0.013231764528978519},{NDWI=1.7507959255033413E-4},
1_2_20010202,981072000000,{NDWI=0.8135166919686323},{NDWI=0.8005286157131195},LANDSAT/LE7_L1T_32DAY_NDWI/20010202,{NDWI=0.03718015874754019},{NDWI=0.001382364204492289},
1_2_20010306,983836800000,{NDWI=0.9419004687357788},{NDWI=0.9486971130737891},LANDSAT/LE7_L1T_32DAY_NDWI/20010306,{NDWI=0.022651306575183775},{NDWI=5.130816895629637E-4},
1_2_20010407,986601600000,{NDWI=0.9056546993684862},{NDWI=0.9266678438736842},LANDSAT/LE7_L1T_32DAY_NDWI/20010407,{NDWI=0.05549275007908331},{NDWI=0.0030794453113396005},
1_2_20010509,989366400000,{NDWI=0.002790866577391094},{NDWI=0.0018480320129928066},LANDSAT/LE7_L1T_32DAY_NDWI/20010509,{NDWI=0.13319350857020554},{NDWI=0.017740510725241417},
1_2_20010610,992131200000,{NDWI=0.14742757251387992},{NDWI=0.14180642469889587},LANDSAT/LE7_L1T_32DAY_NDWI/20010610,{NDWI=0.04588043628613404},{NDWI=0.0021050144338060047},
1_2_20010712,994896000000,{NDWI=0.08209458000878742},{NDWI=0.07174250121627535},LANDSAT/LE7_L1T_32DAY_NDWI/20010712,{NDWI=0.09905593593834439},{NDWI=0.009812078444621387},
1_2_20010813,997660800000,{NDWI=-0.005425897809810306},{NDWI=-0.02116032797053005},LANDSAT/LE7_L1T_32DAY_NDWI/20010813,{NDWI=0.08659391739954714},{NDWI=0.0074985065305995914},
1_2_20010914,1000425600000,{NDWI=0.06879039977484033},{NDWI=0.053777682084229686},LANDSAT/LE7_L1T_32DAY_NDWI/20010914,{NDWI=0.07205116658104617},{NDWI=0.005191370605689665},
1_2_20011016,1003190400000,{NDWI=-0.03471355053205128},{NDWI=-0.06099933948605619},LANDSAT/LE7_L1T_32DAY_NDWI/20011016,{NDWI=0.09584732635323567},{NDWI=0.009186709969063666},
1_2_20011117,1005955200000,{NDWI=0.7852575952176245},{NDWI=0.7868785778088356},LANDSAT/LE7_L1T_32DAY_NDWI/20011117,{NDWI=0.018725255196444888},{NDWI=3.5063518217198634E-4},
1_2_20011219,1008720000000,{NDWI=0.9437936386075272},{NDWI=0.9547651165152249},LANDSAT/LE7_L1T_32DAY_NDWI/20011219,{NDWI=0.02821502536690738},{NDWI=7.96087656455227E-4},
1_2_20020101,1009843200000,{NDWI=0.6865977527985601},{NDWI=0.6761970221996307},LANDSAT/LE7_L1T_32DAY_NDWI/20020101,{NDWI=0.026067357654984507},{NDWI=6.795071351128794E-4},
1_2_20020202,1012608000000,{NDWI=0.9371972525248089},{NDWI=0.940332811691013},LANDSAT/LE7_L1T_32DAY_NDWI/20020202,{NDWI=0.020159621779917085},{NDWI=4.0641035030930723E-4},
1_2_20020306,1015372800000,{NDWI=0.9484721691932697},{NDWI=0.9536279069786516},LANDSAT/LE7_L1T_32DAY_NDWI/20020306,{NDWI=0.01852575324205166},{NDWI=3.432035331853876E-4},
1_2_20020407,1018137600000,{NDWI=0.9310295303040521},{NDWI=0.944074167280781},LANDSAT/LE7_L1T_32DAY_NDWI/20020407,{NDWI=0.03586969971200285},{NDWI=0.0012866353574292576},
1_2_20020509,1020902400000,{NDWI=-0.042760548434254884},{NDWI=-0.09763420684771104},LANDSAT/LE7_L1T_32DAY_NDWI/20020509,{NDWI=0.2074679656498611},{NDWI=0.04304295677089195},
1_2_20020610,1023667200000,{NDWI=0.1822332812205968},{NDWI=0.1837214059987158},LANDSAT/LE7_L1T_32DAY_NDWI/20020610,{NDWI=0.13221690247133988},{NDWI=0.0174813092991158},
1_2_20020712,1026432000000,{NDWI=0.14747632745127315},{NDWI=0.14660998384157817},LANDSAT/LE7_L1T_32DAY_NDWI/20020712,{NDWI=0.10697642219122815},{NDWI=0.01144395490483589},
1_2_20020813,1029196800000,{NDWI=0.02780184041927937},{NDWI=0.016048974436027617},LANDSAT/LE7_L1T_32DAY_NDWI/20020813,{NDWI=0.09760938869874357},{NDWI=0.009527592762142408},
1_2_20020914,1031961600000,{NDWI=-0.034046516262435156},{NDWI=-0.04881131083800875},LANDSAT/LE7_L1T_32DAY_NDWI/20020914,{NDWI=0.08889840695518404},{NDWI=0.007902926759169515},
1_2_20021016,1034726400000,{NDWI=0.6864588236009771},{NDWI=0.7363157523305792},LANDSAT/LE7_L1T_32DAY_NDWI/20021016,{NDWI=0.1391661811508953},{NDWI=0.019367225976123805},
1_2_20021117,1037491200000,{NDWI=0.45717239315729086},{NDWI=0.4699952885508537},LANDSAT/LE7_L1T_32DAY_NDWI/20021117,{NDWI=0.08695836142488034},{NDWI=0.007561756621700116},
1_2_20021219,1040256000000,{NDWI=0.9088860896877113},{NDWI=0.9144470223358699},LANDSAT/LE7_L1T_32DAY_NDWI/20021219,{NDWI=0.019705442961105067},{NDWI=3.883044822933652E-4},
1_2_20030101,1041379200000,{NDWI=0.3709456866093111},{NDWI=0.37046322226524353},LANDSAT/LE7_L1T_32DAY_NDWI/20030101,{NDWI=0.009058974019882402},{NDWI=8.206501029290433E-5},
1_2_20030202,1044144000000,{NDWI=0.7958016928628},{NDWI=0.7952312454581261},LANDSAT/LE7_L1T_32DAY_NDWI/20030202,{NDWI=0.013764422202651947},{NDWI=1.894593185728579E-4},
1_2_20030306,1046908800000,{NDWI=0.2683604847267999},{NDWI=0.26739439765612283},LANDSAT/LE7_L1T_32DAY_NDWI/20030306,{NDWI=0.016342216231773777},{NDWI=2.6706803136605035E-4},
1_2_20030407,1049673600000,{NDWI=null},{NDWI=null},LANDSAT/LE7_L1T_32DAY_NDWI/20030407,{NDWI=null},{NDWI=null},
1_2_20030509,1052438400000,{NDWI=0.920166485769758},{NDWI=0.9424198761582374},LANDSAT/LE7_L1T_32DAY_NDWI/20030509,{NDWI=0.05300871445075539},{NDWI=0.002809923807721723},
1_2_20030712,1057968000000,{NDWI=0.15726815278142153},{NDWI=0.16052744005407607},LANDSAT/LE7_L1T_32DAY_NDWI/20030712,{NDWI=0.13126886822816794},{NDWI=0.017231515765904117},
1_2_20030813,1060732800000,{NDWI=0.12197537288356822},{NDWI=0.1114901795305989},LANDSAT/LE7_L1T_32DAY_NDWI/20030813,{NDWI=0.13043072451655915},{NDWI=0.017012173897914547},
1_2_20030914,1063497600000,{NDWI=0.011436951801033091},{NDWI=0.001956821507337736},LANDSAT/LE7_L1T_32DAY_NDWI/20030914,{NDWI=0.09125836759141481},{NDWI=0.008328089655449789},
1_2_20031016,1066262400000,{NDWI=0.7665540484294675},{NDWI=0.7684150973432943},LANDSAT/LE7_L1T_32DAY_NDWI/20031016,{NDWI=0.0483160323760741},{NDWI=0.00233443898456584},
1_2_20031117,1069027200000,{NDWI=0.8329359819481984},{NDWI=0.8562925496827001},LANDSAT/LE7_L1T_32DAY_NDWI/20031117,{NDWI=0.08504280228133247},{NDWI=0.007232278219861808},
1_2_20031219,1071792000000,{NDWI=0.8624300787155278},{NDWI=0.8779808739085256},LANDSAT/LE7_L1T_32DAY_NDWI/20031219,{NDWI=0.06319456831413323},{NDWI=0.003993553464409652},
1_2_20040101,1072915200000,{NDWI=0.8624300787155278},{NDWI=0.8779808739085256},LANDSAT/LE7_L1T_32DAY_NDWI/20040101,{NDWI=0.06319456831413323},{NDWI=0.003993553464409652},
1_2_20040202,1075680000000,{NDWI=0.7301982505634933},{NDWI=0.747147191564242},LANDSAT/LE7_L1T_32DAY_NDWI/20040202,{NDWI=0.04730233918544716},{NDWI=0.00223751129241509},
1_2_20040305,1078444800000,{NDWI=0.9376089347493625},{NDWI=0.9428507496913274},LANDSAT/LE7_L1T_32DAY_NDWI/20040305,{NDWI=0.021333472643346927},{NDWI=4.5511705502443173E-4},
1_2_20040406,1081209600000,{NDWI=0.9236634506346428},{NDWI=0.9383703063834797},LANDSAT/LE7_L1T_32DAY_NDWI/20040406,{NDWI=0.03751251274446623},{NDWI=0.0014071886124037414},
1_2_20040508,1083974400000,{NDWI=-0.040092914964563596},{NDWI=-0.09968856197816355},LANDSAT/LE7_L1T_32DAY_NDWI/20040508,{NDWI=0.2332167606608457},{NDWI=0.05439005745313819},
1_2_20040609,1086739200000,{NDWI=0.1479649474928123},{NDWI=0.1540387278156621},LANDSAT/LE7_L1T_32DAY_NDWI/20040609,{NDWI=0.14479964130477016},{NDWI=0.020966936121990097},
1_2_20040711,1089504000000,{NDWI=0.1722349063661292},{NDWI=0.1695799914098555},LANDSAT/LE7_L1T_32DAY_NDWI/20040711,{NDWI=0.11669421990790997},{NDWI=0.013617540959915653},
1_2_20040812,1092268800000,{NDWI=0.0631082194976961},{NDWI=0.06085410286137398},LANDSAT/LE7_L1T_32DAY_NDWI/20040812,{NDWI=0.09872019713773145},{NDWI=0.009745677322912559},
1_2_20040913,1095033600000,{NDWI=0.12241353444712692},{NDWI=0.07249480718746781},LANDSAT/LE7_L1T_32DAY_NDWI/20040913,{NDWI=0.17929762804787958},{NDWI=0.03214763942359577},
1_2_20041015,1097798400000,{NDWI=0.9247345092539998},{NDWI=0.9310859790870122},LANDSAT/LE7_L1T_32DAY_NDWI/20041015,{NDWI=0.02743427263651319},{NDWI=7.526393150945363E-4},
1_2_20041116,1100563200000,{NDWI=0.8267282554314794},{NDWI=0.8247541281912062},LANDSAT/LE7_L1T_32DAY_NDWI/20041116,{NDWI=0.03132688648102431},{NDWI=9.813738165949835E-4},
1_2_20041218,1103328000000,{NDWI=0.2285454967053578},{NDWI=0.22464010456822953},LANDSAT/LE7_L1T_32DAY_NDWI/20041218,{NDWI=0.04515010105692242},{NDWI=0.002038531625450307},
1_2_20050101,1104537600000,{NDWI=0.847241440623882},{NDWI=0.9515501190390852},LANDSAT/LE7_L1T_32DAY_NDWI/20050101,{NDWI=0.24643836224855464},{NDWI=0.06073186638774985},
1_2_20050202,1107302400000,{NDWI=0.3910088907059741},{NDWI=0.314389898695729},LANDSAT/LE7_L1T_32DAY_NDWI/20050202,{NDWI=0.21337522289962776},{NDWI=0.04552898574746583},
1_2_20050306,1110067200000,{NDWI=0.6882237232384146},{NDWI=0.686376260386573},LANDSAT/LE7_L1T_32DAY_NDWI/20050306,{NDWI=0.04554561847847851},{NDWI=0.0020744033625871234},
1_2_20050407,1112832000000,{NDWI=0.4462299310254141},{NDWI=0.3495312643051147},LANDSAT/LE7_L1T_32DAY_NDWI/20050407,{NDWI=0.23972264746780783},{NDWI=0.05746694770897487},
1_2_20050509,1115596800000,{NDWI=0.8668206347528036},{NDWI=0.908235564827919},LANDSAT/LE7_L1T_32DAY_NDWI/20050509,{NDWI=0.10830696903665975},{NDWI=0.011730399541907974},
1_2_20050610,1118361600000,{NDWI=0.04150929991447367},{NDWI=0.02486978490547887},LANDSAT/LE7_L1T_32DAY_NDWI/20050610,{NDWI=0.1751658933841273},{NDWI=0.03068309020505945},
1_2_20050712,1121126400000,{NDWI=0.23459015375757697},{NDWI=0.23763526274877436},LANDSAT/LE7_L1T_32DAY_NDWI/20050712,{NDWI=0.12203551290488818},{NDWI=0.01489266640995913},
1_2_20050813,1123891200000,{NDWI=0.11456049611198943},{NDWI=0.10751507490089066},LANDSAT/LE7_L1T_32DAY_NDWI/20050813,{NDWI=0.11014883105024077},{NDWI=0.012132764981734486},
1_2_20050914,1126656000000,{NDWI=0.05755637265772335},{NDWI=0.041122324764728546},LANDSAT/LE7_L1T_32DAY_NDWI/20050914,{NDWI=0.10079146450893449},{NDWI=0.0101589193178558},
1_2_20051016,1129420800000,{NDWI=0.2729691379773237},{NDWI=0.3140421829572538},LANDSAT/LE7_L1T_32DAY_NDWI/20051016,{NDWI=0.13253282792106058},{NDWI=0.017564950476753452},
1_2_20051117,1132185600000,{NDWI=-0.04614797880760912},{NDWI=-0.08987807096803889},LANDSAT/LE7_L1T_32DAY_NDWI/20051117,{NDWI=0.15062242099219786},{NDWI=0.022687113705550883},
1_2_20051219,1134950400000,{NDWI=0.7438031139978794},{NDWI=0.7321922270875229},LANDSAT/LE7_L1T_32DAY_NDWI/20051219,{NDWI=0.05483512401795481},{NDWI=0.0030068908260644845},
1_2_20060101,1136073600000,{NDWI=0.8071785745322121},{NDWI=0.8193783298844383},LANDSAT/LE7_L1T_32DAY_NDWI/20060101,{NDWI=0.0413368351156111},{NDWI=0.001708733937375219},
1_2_20060202,1138838400000,{NDWI=0.8744467520328872},{NDWI=0.8735157613243375},LANDSAT/LE7_L1T_32DAY_NDWI/20060202,{NDWI=0.03145928403067143},{NDWI=9.896865517224581E-4},
1_2_20060306,1141603200000,{NDWI=0.30379643591517125},{NDWI=0.29901743300680844},LANDSAT/LE7_L1T_32DAY_NDWI/20060306,{NDWI=0.04877722029853011},{NDWI=0.002379217220051338},
1_2_20060407,1144368000000,{NDWI=0.9522027730540394},{NDWI=0.9566039782017469},LANDSAT/LE7_L1T_32DAY_NDWI/20060407,{NDWI=0.02111695775576919},{NDWI=4.459259048589405E-4},
1_2_20060509,1147132800000,{NDWI=0.5606395324151403},{NDWI=0.6373831364843581},LANDSAT/LE7_L1T_32DAY_NDWI/20060509,{NDWI=0.3113252051740311},{NDWI=0.09692338337665256},
1_2_20060610,1149897600000,{NDWI=0.14679150402096092},{NDWI=0.1526063663715666},LANDSAT/LE7_L1T_32DAY_NDWI/20060610,{NDWI=0.1737804779795185},{NDWI=0.03019965452678992},
1_2_20060712,1152662400000,{NDWI=0.21950682565790747},{NDWI=0.2164824896238067},LANDSAT/LE7_L1T_32DAY_NDWI/20060712,{NDWI=0.12424922095847318},{NDWI=0.01543786890878749},
1_2_20060813,1155427200000,{NDWI=0.0954939355033204},{NDWI=0.07799214301309709},LANDSAT/LE7_L1T_32DAY_NDWI/20060813,{NDWI=0.11439970359584081},{NDWI=0.013087292182816233},
1_2_20060914,1158192000000,{NDWI=0.14260976484614704},{NDWI=0.13080108691664302},LANDSAT/LE7_L1T_32DAY_NDWI/20060914,{NDWI=0.11747854655619563},{NDWI=0.013801208900956225},
1_2_20061016,1160956800000,{NDWI=-0.030980611197263114},{NDWI=-0.0669767833314836},LANDSAT/LE7_L1T_32DAY_NDWI/20061016,{NDWI=0.11699128814144726},{NDWI=0.013686961500995137},
1_2_20061117,1163721600000,{NDWI=0.7864205248095916},{NDWI=0.7881965886714847},LANDSAT/LE7_L1T_32DAY_NDWI/20061117,{NDWI=0.02796063660338666},{NDWI=7.817971992666459E-4},
1_2_20061219,1166486400000,{NDWI=0.4551914246122575},{NDWI=0.3612880569237929},LANDSAT/LE7_L1T_32DAY_NDWI/20061219,{NDWI=0.23649523760566774},{NDWI=0.055929997410161233},
1_2_20070101,1167609600000,{NDWI=0.7643430274045514},{NDWI=0.8653949697812399},LANDSAT/LE7_L1T_32DAY_NDWI/20070101,{NDWI=0.2144801190388103},{NDWI=0.04600172146290224},
1_2_20070202,1170374400000,{NDWI=0.5258195476639295},{NDWI=0.5652992613613605},LANDSAT/LE7_L1T_32DAY_NDWI/20070202,{NDWI=0.10474720826620669},{NDWI=0.010971977639564078},
1_2_20070306,1173139200000,{NDWI=0.8244611052705118},{NDWI=0.8499201697404267},LANDSAT/LE7_L1T_32DAY_NDWI/20070306,{NDWI=0.10936252553590611},{NDWI=0.011960161991591715},
1_2_20070407,1175904000000,{NDWI=0.28832797668218146},{NDWI=0.25203889339673713},LANDSAT/LE7_L1T_32DAY_NDWI/20070407,{NDWI=0.10772578285302592},{NDWI=0.011604844291297293},
1_2_20070509,1178668800000,{NDWI=0.06672217422907666},{NDWI=0.041033779443414124},LANDSAT/LE7_L1T_32DAY_NDWI/20070509,{NDWI=0.15764697517280607},{NDWI=0.024852568781135335},
1_2_20070610,1181433600000,{NDWI=0.3583979953814869},{NDWI=0.3813516292078742},LANDSAT/LE7_L1T_32DAY_NDWI/20070610,{NDWI=0.07549774593403698},{NDWI=0.005699909641120397},
1_2_20070712,1184198400000,{NDWI=0.12453873761446069},{NDWI=0.1151465717703104},LANDSAT/LE7_L1T_32DAY_NDWI/20070712,{NDWI=0.11584666764132831},{NDWI=0.013420450403600384},
1_2_20070813,1186963200000,{NDWI=0.009009593320316648},{NDWI=-0.007758027349855737},LANDSAT/LE7_L1T_32DAY_NDWI/20070813,{NDWI=0.11029214743236028},{NDWI=0.012164357785241497},
1_2_20070914,1189728000000,{NDWI=0.28906368478811884},{NDWI=0.28228784203529356},LANDSAT/LE7_L1T_32DAY_NDWI/20070914,{NDWI=0.04666546374867169},{NDWI=0.0021776655068785917},
1_2_20071016,1192492800000,{NDWI=0.7498742813799075},{NDWI=0.7480410592069904},LANDSAT/LE7_L1T_32DAY_NDWI/20071016,{NDWI=0.07923557779258274},{NDWI=0.006278276788124431},
1_2_20071117,1195257600000,{NDWI=0.7742221967318919},{NDWI=0.822343111234923},LANDSAT/LE7_L1T_32DAY_NDWI/20071117,{NDWI=0.19201384196581972},{NDWI=0.03686931550647479},
1_2_20071219,1198022400000,{NDWI=0.8377658681095582},{NDWI=0.8442313889177834},LANDSAT/LE7_L1T_32DAY_NDWI/20071219,{NDWI=0.026393699246260605},{NDWI=6.966273599020577E-4},
1_2_20080101,1199145600000,{NDWI=0.5333729380643297},{NDWI=0.48585377585503364},LANDSAT/LE7_L1T_32DAY_NDWI/20080101,{NDWI=0.1580585840678289},{NDWI=0.024982515997526943},
1_2_20080202,1201910400000,{NDWI=0.8494172450136148},{NDWI=0.846195638179779},LANDSAT/LE7_L1T_32DAY_NDWI/20080202,{NDWI=0.034481107346675754},{NDWI=0.0011889467638529767},
1_2_20080305,1204675200000,{NDWI=0.9020741806184418},{NDWI=0.9067472938507323},LANDSAT/LE7_L1T_32DAY_NDWI/20080305,{NDWI=0.019768925713192907},{NDWI=3.908104238537397E-4},
1_2_20080406,1207440000000,{NDWI=0.9084286456589081},{NDWI=0.9286746027008179},LANDSAT/LE7_L1T_32DAY_NDWI/20080406,{NDWI=0.04952124048145251},{NDWI=0.0024523532588218507},
1_2_20080508,1210204800000,{NDWI=0.0032477306141863627},{NDWI=-0.03544852296088604},LANDSAT/LE7_L1T_32DAY_NDWI/20080508,{NDWI=0.18311730476829913},{NDWI=0.033531947305606144},
1_2_20080609,1212969600000,{NDWI=0.20210887599844565},{NDWI=0.20067554765513965},LANDSAT/LE7_L1T_32DAY_NDWI/20080609,{NDWI=0.1219213877637463},{NDWI=0.014864824794237784},
1_2_20080711,1215734400000,{NDWI=0.17275183024029558},{NDWI=0.17417458707795425},LANDSAT/LE7_L1T_32DAY_NDWI/20080711,{NDWI=0.12287466092857306},{NDWI=0.0150981822983118},
1_2_20080812,1218499200000,{NDWI=0.05167096773844138},{NDWI=0.041277646894256274},LANDSAT/LE7_L1T_32DAY_NDWI/20080812,{NDWI=0.11281588554159977},{NDWI=0.01272742403053534},
1_2_20080913,1221264000000,{NDWI=-0.0032197850668181367},{NDWI=-0.025348558909062183},LANDSAT/LE7_L1T_32DAY_NDWI/20080913,{NDWI=0.10630983834449372},{NDWI=0.011301781728832387},
1_2_20081015,1224028800000,{NDWI=0.5614523332237722},{NDWI=0.6420685114531681},LANDSAT/LE7_L1T_32DAY_NDWI/20081015,{NDWI=0.2399973283673172},{NDWI=0.05759871762344987},
1_2_20081116,1226793600000,{NDWI=0.43016062461056254},{NDWI=0.4805132246133193},LANDSAT/LE7_L1T_32DAY_NDWI/20081116,{NDWI=0.16683862616713954},{NDWI=0.027835127181338543},
1_2_20081218,1229558400000,{NDWI=0.9293986748750895},{NDWI=0.9542331496210003},LANDSAT/LE7_L1T_32DAY_NDWI/20081218,{NDWI=0.048358884540214045},{NDWI=0.0023385817139737527},
1_2_20090101,1230768000000,{NDWI=0.9039813524181363},{NDWI=0.899830376964876},LANDSAT/LE7_L1T_32DAY_NDWI/20090101,{NDWI=0.03547865239535211},{NDWI=0.0012587347757902242},
1_2_20090202,1233532800000,{NDWI=0.702694562413127},{NDWI=0.7042147768767615},LANDSAT/LE7_L1T_32DAY_NDWI/20090202,{NDWI=0.050618220375735296},{NDWI=0.0025622042340065036},
1_2_20090306,1236297600000,{NDWI=0.9128224561051537},{NDWI=0.9184344632758035},LANDSAT/LE7_L1T_32DAY_NDWI/20090306,{NDWI=0.01959204619717927},{NDWI=3.8384827419240674E-4},
1_2_20090407,1239062400000,{NDWI=0.9461470245658202},{NDWI=0.9605932451828182},LANDSAT/LE7_L1T_32DAY_NDWI/20090407,{NDWI=0.03442720339727067},{NDWI=0.001185232333757045},
1_2_20090509,1241827200000,{NDWI=0.14790845007991962},{NDWI=0.15246375971897083},LANDSAT/LE7_L1T_32DAY_NDWI/20090509,{NDWI=0.11510377132517047},{NDWI=0.013248878173277134},
1_2_20090610,1244592000000,{NDWI=0.2335521950214761},{NDWI=0.24416849543066585},LANDSAT/LE7_L1T_32DAY_NDWI/20090610,{NDWI=0.10709892395451286},{NDWI=0.011470179512214526},
1_2_20090712,1247356800000,{NDWI=0.17667930978890273},{NDWI=0.17794174673380675},LANDSAT/LE7_L1T_32DAY_NDWI/20090712,{NDWI=0.10503740512482412},{NDWI=0.011032856475356428},
1_2_20090813,1250121600000,{NDWI=0.13645432638769892},{NDWI=0.12055307223715565},LANDSAT/LE7_L1T_32DAY_NDWI/20090813,{NDWI=0.08898390754764478},{NDWI=0.007918135802447794},
1_2_20090914,1252886400000,{NDWI=0.3393566871896649},{NDWI=0.32671632308226367},LANDSAT/LE7_L1T_32DAY_NDWI/20090914,{NDWI=0.04380455226055958},{NDWI=0.0019188387987480954},
1_2_20091016,1255651200000,{NDWI=0.6095537584731407},{NDWI=0.6682325113903392},LANDSAT/LE7_L1T_32DAY_NDWI/20091016,{NDWI=0.2390989022796107},{NDWI=0.05716828507131483},
1_2_20091117,1258416000000,{NDWI=0.8783810651348994},{NDWI=0.8822120070457459},LANDSAT/LE7_L1T_32DAY_NDWI/20091117,{NDWI=0.036931271240590376},{NDWI=0.0013639187954460578},
1_2_20091219,1261180800000,{NDWI=0.8808761925366573},{NDWI=0.885185975249451},LANDSAT/LE7_L1T_32DAY_NDWI/20091219,{NDWI=0.024031990109686135},{NDWI=5.775365486320522E-4},
1_2_20100101,1262304000000,{NDWI=0.8808761925366573},{NDWI=0.885185975249451},LANDSAT/LE7_L1T_32DAY_NDWI/20100101,{NDWI=0.024031990109686135},{NDWI=5.775365486320522E-4},
1_2_20100202,1265068800000,{NDWI=0.300520275985106},{NDWI=0.2831605857326871},LANDSAT/LE7_L1T_32DAY_NDWI/20100202,{NDWI=0.08282664404095726},{NDWI=0.0068602529630874395},
1_2_20100306,1267833600000,{NDWI=0.7523529743955981},{NDWI=0.7570839885509375},LANDSAT/LE7_L1T_32DAY_NDWI/20100306,{NDWI=0.019422617328770105},{NDWI=3.772380638998408E-4},
1_2_20100407,1270598400000,{NDWI=0.9146570050378136},{NDWI=0.9444766462576099},LANDSAT/LE7_L1T_32DAY_NDWI/20100407,{NDWI=0.05342642043035961},{NDWI=0.0028543824000015466},
1_2_20100509,1273363200000,{NDWI=0.4765790796341145},{NDWI=0.4629553821351793},LANDSAT/LE7_L1T_32DAY_NDWI/20100509,{NDWI=0.1720483324593221},{NDWI=0.029600628702033432},
1_2_20100610,1276128000000,{NDWI=0.07289877063300924},{NDWI=0.018916138893236286},LANDSAT/LE7_L1T_32DAY_NDWI/20100610,{NDWI=0.21105625685209378},{NDWI=0.04454474355641699},
1_2_20100712,1278892800000,{NDWI=0.2388066328510335},{NDWI=0.23048085011541844},LANDSAT/LE7_L1T_32DAY_NDWI/20100712,{NDWI=0.13240309005533116},{NDWI=0.017530578256200136},
1_2_20100813,1281657600000,{NDWI=0.1798118177972085},{NDWI=0.17593180726874957},LANDSAT/LE7_L1T_32DAY_NDWI/20100813,{NDWI=0.1539877147780804},{NDWI=0.023712216302575438},
1_2_20100914,1284422400000,{NDWI=0.031773669589871247},{NDWI=-0.005972520034346316},LANDSAT/LE7_L1T_32DAY_NDWI/20100914,{NDWI=0.13660476517956466},{NDWI=0.018660861869764},
1_2_20101016,1287187200000,{NDWI=0.062467229355727044},{NDWI=0.025541151155318534},LANDSAT/LE7_L1T_32DAY_NDWI/20101016,{NDWI=0.13406068613361272},{NDWI=0.017972267566615022},
1_2_20101117,1289952000000,{NDWI=0.8341677138279329},{NDWI=0.9197725670517616},LANDSAT/LE7_L1T_32DAY_NDWI/20101117,{NDWI=0.17409436797554126},{NDWI=0.030308848960803166},
1_2_20101219,1292716800000,{NDWI=0.795368235915491},{NDWI=0.8299487993121147},LANDSAT/LE7_L1T_32DAY_NDWI/20101219,{NDWI=0.1147921987325762},{NDWI=0.01317724888985927},
1_2_20110101,1293840000000,{NDWI=0.9287771286113272},{NDWI=0.9465396676449417},LANDSAT/LE7_L1T_32DAY_NDWI/20110101,{NDWI=0.0421315733662863},{NDWI=0.001775069474318765},
1_2_20110202,1296604800000,{NDWI=0.8198657956433623},{NDWI=0.8041241330405077},LANDSAT/LE7_L1T_32DAY_NDWI/20110202,{NDWI=0.04790459877672232},{NDWI=0.0022948505839587453},
1_2_20110306,1299369600000,{NDWI=0.5231957886281303},{NDWI=0.5086011443663081},LANDSAT/LE7_L1T_32DAY_NDWI/20110306,{NDWI=0.08154548522638211},{NDWI=0.006649666160806102},
1_2_20110407,1302134400000,{NDWI=0.3562241891315189},{NDWI=0.26387060763405973},LANDSAT/LE7_L1T_32DAY_NDWI/20110407,{NDWI=0.2237375823588567},{NDWI=0.050058505759786195},
1_2_20110509,1304899200000,{NDWI=0.6449735647472034},{NDWI=0.7860321957956661},LANDSAT/LE7_L1T_32DAY_NDWI/20110509,{NDWI=0.27652955718886696},{NDWI=0.07646859599907085},
1_2_20110610,1307664000000,{NDWI=0.3632104547346728},{NDWI=0.3316185474395752},LANDSAT/LE7_L1T_32DAY_NDWI/20110610,{NDWI=0.40171390332162416},{NDWI=0.1613740601218952},
1_2_20110712,1310428800000,{NDWI=0.24717551647594213},{NDWI=0.2401546137407422},LANDSAT/LE7_L1T_32DAY_NDWI/20110712,{NDWI=0.1409154039747672},{NDWI=0.019857151077371835},
1_2_20110813,1313193600000,{NDWI=0.1485347700455259},{NDWI=0.12848084821150854},LANDSAT/LE7_L1T_32DAY_NDWI/20110813,{NDWI=0.1637381732436788},{NDWI=0.02681018937717697},
1_2_20110914,1315958400000,{NDWI=0.08030036612828954},{NDWI=0.05009241701633323},LANDSAT/LE7_L1T_32DAY_NDWI/20110914,{NDWI=0.153173550572151},{NDWI=0.0234621365948793},
1_2_20111016,1318723200000,{NDWI=0.3368232124648795},{NDWI=0.3324663030064624},LANDSAT/LE7_L1T_32DAY_NDWI/20111016,{NDWI=0.029547530771899314},{NDWI=8.730565747163368E-4},
1_2_20111117,1321488000000,{NDWI=0.8571702872062149},{NDWI=0.8799625497597915},LANDSAT/LE7_L1T_32DAY_NDWI/20111117,{NDWI=0.06906560343862612},{NDWI=0.004770057578341564},
1_2_20111219,1324252800000,{NDWI=0.37138133908420484},{NDWI=0.35588892377339876},LANDSAT/LE7_L1T_32DAY_NDWI/20111219,{NDWI=0.29723573481908516},{NDWI=0.08834908205344152},
1_2_20120101,1325376000000,{NDWI=0.8156747157136301},{NDWI=0.9184191173740796},LANDSAT/LE7_L1T_32DAY_NDWI/20120101,{NDWI=0.24399736368701364},{NDWI=0.0595347134862128},
1_2_20120202,1328140800000,{NDWI=0.6960955507134738},{NDWI=0.6966428205652057},LANDSAT/LE7_L1T_32DAY_NDWI/20120202,{NDWI=0.09831749018388118},{NDWI=0.009666328876057574},
1_2_20120305,1330905600000,{NDWI=0.8820301953068918},{NDWI=0.9249626925026161},LANDSAT/LE7_L1T_32DAY_NDWI/20120305,{NDWI=0.11623447687086633},{NDWI=0.013510453613443957},
1_2_20120406,1333670400000,{NDWI=0.7902896932142401},{NDWI=0.8770090758082378},LANDSAT/LE7_L1T_32DAY_NDWI/20120406,{NDWI=0.20487238333275232},{NDWI=0.04197269345244221},
1_2_20120508,1336435200000,{NDWI=0.008531125620480164},{NDWI=-0.01961727342568338},LANDSAT/LE7_L1T_32DAY_NDWI/20120508,{NDWI=0.1497064038811788},{NDWI=0.022412007363034628},
1_2_20120609,1339200000000,{NDWI=0.16453928729236977},{NDWI=0.15207606729339151},LANDSAT/LE7_L1T_32DAY_NDWI/20120609,{NDWI=0.12803794522328685},{NDWI=0.016393715417001402},
1_2_20120711,1341964800000,{NDWI=0.05844016525724861},{NDWI=0.029324921579765423},LANDSAT/LE7_L1T_32DAY_NDWI/20120711,{NDWI=0.131272843621397},{NDWI=0.01723255947244775},
1_2_20120812,1344729600000,{NDWI=0.11483779128374855},{NDWI=0.16610944722637985},LANDSAT/LE7_L1T_32DAY_NDWI/20120812,{NDWI=0.12215544407784183},{NDWI=0.014921952517854742},
1_2_20120913,1347494400000,{NDWI=-0.05314629160989048},{NDWI=-0.07716930019004005},LANDSAT/LE7_L1T_32DAY_NDWI/20120913,{NDWI=0.12166509504458875},{NDWI=0.014802395352208814},
1_2_20121015,1350259200000,{NDWI=0.2100219217917094},{NDWI=0.19854664018279627},LANDSAT/LE7_L1T_32DAY_NDWI/20121015,{NDWI=0.09486129582819514},{NDWI=0.008998665446204352},
1_2_20121116,1353024000000,{NDWI=0.8717667383019705},{NDWI=0.8886186131115618},LANDSAT/LE7_L1T_32DAY_NDWI/20121116,{NDWI=0.06873284643677757},{NDWI=0.004724204179301648},
1_2_20121218,1355788800000,{NDWI=0.36606563955967925},{NDWI=0.35591707888402435},LANDSAT/LE7_L1T_32DAY_NDWI/20121218,{NDWI=0.059240939949683116},{NDWI=0.003509488966121961},
1_2_20130101,1356998400000,{NDWI=0.6852630241033817},{NDWI=0.6857020085603656},LANDSAT/LE7_L1T_32DAY_NDWI/20130101,{NDWI=0.07686133079527362},{NDWI=0.0059076641716204765},
1_2_20130202,1359763200000,{NDWI=0.857711727275575},{NDWI=0.8774897639568036},LANDSAT/LE7_L1T_32DAY_NDWI/20130202,{NDWI=0.05434217501115918},{NDWI=0.002953071984943453},
1_2_20130306,1362528000000,{NDWI=0.9299879244395665},{NDWI=0.9457304283797022},LANDSAT/LE7_L1T_32DAY_NDWI/20130306,{NDWI=0.04125915223492664},{NDWI=0.001702317643144852},
1_2_20130407,1365292800000,{NDWI=0.0053098557817676945},{NDWI=-0.10554556985353601},LANDSAT/LE7_L1T_32DAY_NDWI/20130407,{NDWI=0.27637432808804063},{NDWI=0.07638276922611593},
1_2_20130509,1368057600000,{NDWI=0.13940851303883475},{NDWI=0.12089656087312292},LANDSAT/LE7_L1T_32DAY_NDWI/20130509,{NDWI=0.13104038773712162},{NDWI=0.017171583218295174},
1_2_20130610,1370822400000,{NDWI=0.2001383557161346},{NDWI=0.18168196976184844},LANDSAT/LE7_L1T_32DAY_NDWI/20130610,{NDWI=0.11720280176234277},{NDWI=0.013736496740943018},
1_2_20130712,1373587200000,{NDWI=0.25393166969554054},{NDWI=0.24762439215555787},LANDSAT/LE7_L1T_32DAY_NDWI/20130712,{NDWI=0.040575081930465655},{NDWI=0.0016463372736640004},
1_2_20130813,1376352000000,{NDWI=0.03886461522223408},{NDWI=0.02161166227112214},LANDSAT/LE7_L1T_32DAY_NDWI/20130813,{NDWI=0.10235142092497665},{NDWI=0.010475813365361747},
1_2_20130914,1379116800000,{NDWI=-0.029714292894775247},{NDWI=-0.058452733402902426},LANDSAT/LE7_L1T_32DAY_NDWI/20130914,{NDWI=0.12005795410968287},{NDWI=0.014413912345002718},
1_2_20131016,1381881600000,{NDWI=0.021115382122614875},{NDWI=-0.04099809520823114},LANDSAT/LE7_L1T_32DAY_NDWI/20131016,{NDWI=0.16082756589639632},{NDWI=0.025865505952159702},
1_2_20131117,1384646400000,{NDWI=0.7418266604426672},{NDWI=0.8145309374048993},LANDSAT/LE7_L1T_32DAY_NDWI/20131117,{NDWI=0.2063311749800184},{NDWI=0.042572553768634974},
1_2_20131219,1387411200000,{NDWI=0.8233491745422031},{NDWI=0.8351361473401387},LANDSAT/LE7_L1T_32DAY_NDWI/20131219,{NDWI=0.05751665197966108},{NDWI=0.0033081652549494514},
1_2_20140101,1388534400000,{NDWI=0.8201037757692685},{NDWI=0.8330410917599996},LANDSAT/LE7_L1T_32DAY_NDWI/20140101,{NDWI=0.05052396625086153},{NDWI=0.002552671165718195},
1_2_20140202,1391299200000,{NDWI=0.5056169189803013},{NDWI=0.5026007250503257},LANDSAT/LE7_L1T_32DAY_NDWI/20140202,{NDWI=0.018531278110627762},{NDWI=3.434082684134316E-4},
1_2_20140306,1394064000000,{NDWI=0.38400038797590597},{NDWI=0.3183713962392109},LANDSAT/LE7_L1T_32DAY_NDWI/20140306,{NDWI=0.1785058256645918},{NDWI=0.03186432979619764},
1_2_20140407,1396828800000,{NDWI=0.2474344263983043},{NDWI=0.17683299422264098},LANDSAT/LE7_L1T_32DAY_NDWI/20140407,{NDWI=0.2531385263556113},{NDWI=0.06407911352549052},
1_2_20140509,1399593600000,{NDWI=0.09236438472496906},{NDWI=0.08777387382892463},LANDSAT/LE7_L1T_32DAY_NDWI/20140509,{NDWI=0.1533981867083425},{NDWI=0.023531003685407503},
1_2_20140610,1402358400000,{NDWI=0.1914643440339066},{NDWI=0.18589779095990316},LANDSAT/LE7_L1T_32DAY_NDWI/20140610,{NDWI=0.11929426405284295},{NDWI=0.014231121435909419},
1_2_20140712,1405123200000,{NDWI=0.18988753612356674},{NDWI=0.1894159312759127},LANDSAT/LE7_L1T_32DAY_NDWI/20140712,{NDWI=0.09274723335853254},{NDWI=0.008602049295662089},
1_2_20140813,1407888000000,{NDWI=0.026951747745441065},{NDWI=0.005419314096798189},LANDSAT/LE7_L1T_32DAY_NDWI/20140813,{NDWI=0.10059594061327849},{NDWI=0.010119543267870252},
1_2_20140914,1410652800000,{NDWI=0.02926452130991484},{NDWI=0.00410399319177183},LANDSAT/LE7_L1T_32DAY_NDWI/20140914,{NDWI=0.16838293008513652},{NDWI=0.028352811144055974},
1_2_20141016,1413417600000,{NDWI=0.13209018125007152},{NDWI=0.1114143885490371},LANDSAT/LE7_L1T_32DAY_NDWI/20141016,{NDWI=0.10887381965894019},{NDWI=0.011853508607127432},
1_2_20141117,1416182400000,{NDWI=0.5484526975521428},{NDWI=0.5433309943445267},LANDSAT/LE7_L1T_32DAY_NDWI/20141117,{NDWI=0.2199277667745341},{NDWI=0.04836822259843386},
1_2_20141219,1418947200000,{NDWI=0.919744818148781},{NDWI=0.9484235253490385},LANDSAT/LE7_L1T_32DAY_NDWI/20141219,{NDWI=0.06177244356960846},{NDWI=0.0038158347845604615},
1_2_20150101,1420070400000,{NDWI=0.919744818148781},{NDWI=0.9484235253490385},LANDSAT/LE7_L1T_32DAY_NDWI/20150101,{NDWI=0.06177244356960846},{NDWI=0.0038158347845604615},
1_2_20150202,1422835200000,{NDWI=0.5315465449789609},{NDWI=0.5436340980231762},LANDSAT/LE7_L1T_32DAY_NDWI/20150202,{NDWI=0.23948436830198713},{NDWI=0.057352762661001824},
1_2_20150306,1425600000000,{NDWI=0.05232103095007694},{NDWI=-9.91547767901493E-5},LANDSAT/LE7_L1T_32DAY_NDWI/20150306,{NDWI=0.2758639556304602},{NDWI=0.07610092201608451},
1_2_20150407,1428364800000,{NDWI=0.018216737801087412},{NDWI=-0.018834458250138495},LANDSAT/LE7_L1T_32DAY_NDWI/20150407,{NDWI=0.17377517978974505},{NDWI=0.030197813110958215},
1_2_20150509,1431129600000,{NDWI=0.2873815673657403},{NDWI=0.3136826052385218},LANDSAT/LE7_L1T_32DAY_NDWI/20150509,{NDWI=0.12056457295235226},{NDWI=0.01453581625118307},
1_2_20150610,1433894400000,{NDWI=0.21451370648188553},{NDWI=0.2170892341269387},LANDSAT/LE7_L1T_32DAY_NDWI/20150610,{NDWI=0.11340833201016318},{NDWI=0.012861449769327403},
1_2_20150712,1436659200000,{NDWI=0.22075129020791556},{NDWI=0.2054991249708419},LANDSAT/LE7_L1T_32DAY_NDWI/20150712,{NDWI=0.12269738884477244},{NDWI=0.015054649229325288},
1_2_20150813,1439424000000,{NDWI=0.08971251036500218},{NDWI=0.07588431611657143},LANDSAT/LE7_L1T_32DAY_NDWI/20150813,{NDWI=0.05190909046955807},{NDWI=0.0026945536733767646},
1_2_20150914,1442188800000,{NDWI=0.03086785885489217},{NDWI=0.017460782433281075},LANDSAT/LE7_L1T_32DAY_NDWI/20150914,{NDWI=0.09372918856645274},{NDWI=0.008785160789325655},
2_20130407,1365292800000,{NDWI=0.06624451712326161},{NDWI=-0.04382840171456337},LANDSAT/LC8_L1T_32DAY_NDWI/20130407,{NDWI=0.3038127350785086},{NDWI=0.09230217799588405},
2_20130509,1368057600000,{NDWI=0.602655053663627},{NDWI=0.6021933292641359},LANDSAT/LC8_L1T_32DAY_NDWI/20130509,{NDWI=0.02895099486368004},{NDWI=8.381601035968281E-4},
2_20130610,1370822400000,{NDWI=0.20927901151273381},{NDWI=0.20149208550099973},LANDSAT/LC8_L1T_32DAY_NDWI/20130610,{NDWI=0.1189014776212755},{NDWI=0.014137561380522676},
2_20130712,1373587200000,{NDWI=0.15888683763183445},{NDWI=0.1467563101933116},LANDSAT/LC8_L1T_32DAY_NDWI/20130712,{NDWI=0.10817411909790837},{NDWI=0.011701640042608466},
2_20130813,1376352000000,{NDWI=0.03425755727326446},{NDWI=0.018095432159801323},LANDSAT/LC8_L1T_32DAY_NDWI/20130813,{NDWI=0.10030859149641369},{NDWI=0.010061813527994398},
2_20130914,1379116800000,{NDWI=-0.014077619649840058},{NDWI=-0.043355104541129404},LANDSAT/LC8_L1T_32DAY_NDWI/20130914,{NDWI=0.11499474490955035},{NDWI=0.013223791356812556},
2_20131016,1381881600000,{NDWI=0.4447250530714216},{NDWI=0.24812387994357518},LANDSAT/LC8_L1T_32DAY_NDWI/20131016,{NDWI=0.3211376243224004},{NDWI=0.10312937375543516},
2_20131117,1384646400000,{NDWI=0.7568652889383283},{NDWI=0.7544362113393587},LANDSAT/LC8_L1T_32DAY_NDWI/20131117,{NDWI=0.023699277215322855},{NDWI=5.61655740528721E-4},
2_20131219,1387411200000,{NDWI=0.5956520621688515},{NDWI=0.6071208669589117},LANDSAT/LC8_L1T_32DAY_NDWI/20131219,{NDWI=0.1154248317672532},{NDWI=0.013322891788498702},
2_20140101,1388534400000,{NDWI=0.5599251723440032},{NDWI=0.5724716633558273},LANDSAT/LC8_L1T_32DAY_NDWI/20140101,{NDWI=0.2331888707658435},{NDWI=0.05437704944904926},
2_20140202,1391299200000,{NDWI=0.904729774524321},{NDWI=0.9287650497520671},LANDSAT/LC8_L1T_32DAY_NDWI/20140202,{NDWI=0.061707311938539296},{NDWI=0.0038077923466801945},
2_20140306,1394064000000,{NDWI=0.49947531378432497},{NDWI=0.4833571627736092},LANDSAT/LC8_L1T_32DAY_NDWI/20140306,{NDWI=0.08605615250177638},{NDWI=0.007405661383408993},
2_20140407,1396828800000,{NDWI=0.8625865767321708},{NDWI=0.8856576874222554},LANDSAT/LC8_L1T_32DAY_NDWI/20140407,{NDWI=0.058176732511177456},{NDWI=0.003384532205677092},
2_20140509,1399593600000,{NDWI=0.0878778131837006},{NDWI=0.07253516390919686},LANDSAT/LC8_L1T_32DAY_NDWI/20140509,{NDWI=0.11659672699338691},{NDWI=0.0135947967455704},
2_20140610,1402358400000,{NDWI=0.19369725404425597},{NDWI=0.18941412759678705},LANDSAT/LC8_L1T_32DAY_NDWI/20140610,{NDWI=0.11787284496643485},{NDWI=0.013894007580481187},
2_20140712,1405123200000,{NDWI=0.15354164218742186},{NDWI=0.1503443419933319},LANDSAT/LC8_L1T_32DAY_NDWI/20140712,{NDWI=0.11956144654847636},{NDWI=0.014294939500764171},
2_20140813,1407888000000,{NDWI=0.02689820554107442},{NDWI=0.005775537714362145},LANDSAT/LC8_L1T_32DAY_NDWI/20140813,{NDWI=0.1157181318469854},{NDWI=0.013390686038156296},
2_20140914,1410652800000,{NDWI=-0.05330867187234556},{NDWI=-0.0893746327298383},LANDSAT/LC8_L1T_32DAY_NDWI/20140914,{NDWI=0.12815471885281676},{NDWI=0.01642363196424451},
2_20141016,1413417600000,{NDWI=0.03552206281373011},{NDWI=-0.034777711012533734},LANDSAT/LC8_L1T_32DAY_NDWI/20141016,{NDWI=0.17317761602794202},{NDWI=0.02999048669312132},
2_20141117,1416182400000,{NDWI=0.3092527009925847},{NDWI=0.3107815267041672},LANDSAT/LC8_L1T_32DAY_NDWI/20141117,{NDWI=0.014495051982520917},{NDWI=2.1010653197598355E-4},
2_20141219,1418947200000,{NDWI=0.5803511872625164},{NDWI=0.5745584709303719},LANDSAT/LC8_L1T_32DAY_NDWI/20141219,{NDWI=0.027859498817149882},{NDWI=7.761516743427757E-4},
2_20150101,1420070400000,{NDWI=0.899125826947843},{NDWI=0.9287303864955903},LANDSAT/LC8_L1T_32DAY_NDWI/20150101,{NDWI=0.08039807426987065},{NDWI=0.006463850346303639},
2_20150202,1422835200000,{NDWI=0.18971562271807102},{NDWI=0.06641041656786745},LANDSAT/LC8_L1T_32DAY_NDWI/20150202,{NDWI=0.34360909583390975},{NDWI=0.11806721073979698},
2_20150306,1425600000000,{NDWI=7.225161656403459E-4},{NDWI=-0.0568001359977104},LANDSAT/LC8_L1T_32DAY_NDWI/20150306,{NDWI=0.16390443345453232},{NDWI=0.026864663306051216},
2_20150407,1428364800000,{NDWI=0.026424095537854225},{NDWI=-0.01331308526410298},LANDSAT/LC8_L1T_32DAY_NDWI/20150407,{NDWI=0.1530967633510693},{NDWI=0.023438618948573322},
2_20150509,1431129600000,{NDWI=0.14439771521194233},{NDWI=0.13487652064980687},LANDSAT/LC8_L1T_32DAY_NDWI/20150509,{NDWI=0.12184944520996538},{NDWI=0.014847287297976354},
2_20150610,1433894400000,{NDWI=0.6445415730928955},{NDWI=0.6423757170376024},LANDSAT/LC8_L1T_32DAY_NDWI/20150610,{NDWI=0.017705200179235887},{NDWI=3.1347411338681453E-4},
2_20150712,1436659200000,{NDWI=0.19902559948510215},{NDWI=0.19987643046959028},LANDSAT/LC8_L1T_32DAY_NDWI/20150712,{NDWI=0.10103325015885466},{NDWI=0.010207717637661705},
2_20150813,1439424000000,{NDWI=0.06790625455680997},{NDWI=0.05691729666432366},LANDSAT/LC8_L1T_32DAY_NDWI/20150813,{NDWI=0.09283361651591997},{NDWI=0.00861808035542489},
2_20150914,1442188800000,{NDWI=0.015806208082782665},{NDWI=-0.0058211947077924904},LANDSAT/LC8_L1T_32DAY_NDWI/20150914,{NDWI=0.09845066927096442},{NDWI=0.009692534279900817},
